PCA1,PCA2,mode,released_day,bpm,danceability_%,valence_%,energy_%,acousticness_%,liveness_%,speechiness_%
-1.5760857468681593,-0.5439991775241224,Major,14,125,80,89,83,31,8,4
-1.0160000961367168,-0.1657771084502698,Major,23,92,71,61,74,7,10,4
0.931695514807616,1.2621283017265008,Major,30,138,51,32,53,17,31,6
-0.3812034655148663,0.6717220370832748,Major,23,170,55,58,72,11,11,15
-0.1132434654127757,0.9719600796173083,Minor,18,144,65,23,80,14,11,6
-0.9798160096076586,-1.644947704286252,Major,1,141,92,66,58,19,8,24
-0.4796879526141959,-0.150605058522827,Minor,16,148,67,83,76,48,8,3
0.5893292141125728,0.1135382482102921,Major,7,100,67,26,71,37,11,4
-0.236114127963737,0.2809630150495494,Minor,15,130,85,22,62,12,28,9
-0.2719296595285191,-1.6205521757504018,Minor,17,170,81,56,48,21,8,33
-0.1643134230146037,0.5789652307755006,Minor,17,83,57,56,72,23,27,5
-1.0035053096110615,0.4667018930752577,Minor,7,150,78,52,82,18,15,7
-0.7952064333524957,-0.3169275554160983,Major,12,118,71,65,68,6,3,7
2.795192307593435,-0.3596641525501879,Minor,14,130,51,32,43,83,9,3
-0.0957434658918446,1.4228846350157571,Minor,31,174,52,66,73,34,31,6
-0.3653025237875069,0.5498634507474994,Major,8,89,64,43,73,5,16,4
-0.410391304105943,-0.2267919137864437,Minor,24,120,78,76,59,43,34,3
4.733740628128539,-1.2924258724407636,Major,13,78,44,14,9,96,10,3
-1.3907010929661348,-1.4174874303383398,Major,31,100,86,67,66,14,12,16
-0.4950740209274137,1.5628572175443871,Major,24,120,63,36,73,0,36,4
-1.1517694917769643,1.1235672938110346,Minor,22,140,65,87,74,22,42,4
-1.2605146951172888,0.1012236435330799,Major,7,123,69,82,76,6,6,3
1.438457471363674,0.7627336399885994,Minor,1,135,48,44,42,12,11,3
-1.2847219593417274,-0.8596621671724152,Minor,31,133,85,81,67,26,12,5
-1.7956592317196425,-0.5659492668267969,Major,2,99,85,83,68,7,36,20
-2.323980711184184,-0.4242055353163679,Minor,22,130,79,96,86,9,9,9
-1.2427287563164875,-0.7696349204332718,Major,25,107,80,82,80,43,14,4
-1.5850426496885313,0.9795602117937038,Minor,29,122,81,74,71,14,56,4
0.6987994576286459,1.17028796073053,Major,31,204,52,52,68,46,15,4
-1.815931556760966,0.9664829401603728,Minor,25,110,67,78,85,2,33,5
-1.0016529677251025,0.6702076160730852,Minor,13,126,74,35,84,0,11,6
-0.4201584851936308,0.8852576286002621,Major,28,168,56,63,87,39,11,5
1.005426746022504,-0.2401669063750103,Minor,2,98,71,17,61,36,8,5
-0.1676997318939659,0.2033381403975447,Major,21,97,64,51,63,12,19,5
0.2826453978577777,-1.373504028976266,Minor,23,180,72,61,63,67,9,28
-0.8847225460245852,-0.1985785360433823,Major,1,120,81,63,68,11,11,4
0.5084875256942706,0.7772075292753197,Major,7,150,61,39,73,37,11,3
-0.6733326689995146,-0.1728902098496139,Major,1,96,75,57,68,9,13,6
-0.5579524250667866,0.8094546148181748,Major,1,95,60,48,79,0,12,4
-1.9024771127700608,-0.515608825855253,Minor,19,125,79,96,85,27,11,6
-0.2549950620036293,0.2645727722941011,Minor,10,144,56,84,65,23,10,6
0.0851039988455768,-1.7953375068976072,Major,9,90,76,91,50,54,7,5
-1.0692078375315188,2.245531384313627,Minor,26,128,56,38,97,4,35,4
0.6289800075203626,-0.7303472251139034,Major,21,79,56,58,56,37,11,10
-0.3199753493706819,-1.3671677365191683,Major,23,144,77,75,58,52,23,25
-0.2567289482272884,0.1642112330150671,Major,27,122,67,49,64,10,10,3
-1.4558378940667287,0.1080085326105633,Major,13,140,71,82,81,11,6,5
0.310649611240643,0.3246213050482885,Minor,24,134,59,51,52,9,15,7
-0.1944459372229248,-0.3135590609599247,Major,21,186,68,49,59,16,13,28
0.5529587436960199,0.6417946255536191,Minor,24,67,53,50,53,23,44,7
0.3160222278634846,0.3181848551687527,Minor,2,106,72,17,64,7,10,5
-0.4896271259316004,1.6455486104901162,Major,6,128,60,23,91,0,12,3
-1.2569060257510702,-0.8588338605231111,Minor,24,107,92,55,70,18,15,7
-1.846187444593552,0.2193283647235075,Minor,15,130,67,96,88,12,8,4
2.697043698609753,0.3092905179925519,Minor,15,123,45,13,54,70,9,4
-0.2734588270092765,1.5875096906927533,Major,29,171,50,38,80,0,9,7
-0.4286832749498627,-0.1886269396199883,Minor,24,137,64,88,72,51,17,5
-0.7584375775896122,-0.938993082747637,Minor,26,125,84,85,68,58,22,4
-0.1148158413783814,-1.437460066788067,Minor,14,128,86,42,72,59,9,19
0.853237512984668,0.2311422538532011,Minor,24,130,61,53,58,55,27,4
-1.1979681914918048,-0.3051055060227703,Major,4,130,86,59,96,50,9,5
-1.251183011230088,0.5512293218700834,Major,3,133,70,86,81,25,25,5
-0.1764219660477598,-1.7906302174011506,Major,24,101,88,72,59,62,9,3
0.4208580313395275,-1.5499344607859766,Minor,24,95,77,53,64,74,17,14
-0.9548025155324577,-1.6683132707020307,Minor,6,98,90,40,59,0,10,29
0.8234176027957587,2.5226201535182518,Major,1,173,43,28,66,0,23,3
0.3944371962562593,1.4628045314083846,Major,21,90,64,10,62,7,48,7
1.400612926182337,-0.0207102708514435,Minor,2,198,59,71,42,55,10,7
-0.4070707518073355,1.9306478702468464,Major,14,140,56,48,73,0,35,4
1.0707254518628186,0.7954453986394624,Major,7,82,51,22,53,1,15,3
-2.1079499375812207,0.9999254095730252,Minor,23,130,77,84,89,17,43,5
0.3081303721046842,-1.5684687702498592,Major,28,81,76,53,53,44,9,9
2.135298415167409,0.5368752145948807,Minor,15,94,51,14,59,65,25,3
-0.4880334806587317,0.9870041646108842,Major,14,124,61,41,81,5,10,3
-0.7676207157576035,1.2943117768783825,Major,6,128,62,55,78,1,23,4
0.7050034469817477,1.225827651595242,Minor,1,138,49,42,62,9,11,3
1.8374300696574952,0.087533089488566,Major,17,132,58,27,48,50,12,3
0.4127088425389424,0.4937180963562048,Major,22,131,71,24,47,1,27,9
-1.12470324019635,0.3071859247002754,Minor,20,168,78,58,73,5,10,7
-0.2998104224867853,0.5481867089355875,Major,22,98,68,40,79,33,30,6
0.7915527618979668,0.6731890029262712,Major,1,102,48,50,73,43,15,4
2.603722203330039,0.5642891200648993,Major,22,101,34,32,57,78,20,3
2.256597115896556,-0.3704554235552464,Major,23,130,63,36,34,76,35,9
0.8270382835249322,1.5865861449126684,Major,7,142,50,20,64,1,12,3
-0.3521062143499696,1.3204454036097937,Major,9,170,59,48,76,4,10,5
-1.0922052415786534,-0.0383093232534518,Minor,3,124,78,70,68,3,11,4
2.514177527677191,-0.4817962012559479,Major,8,110,50,45,41,75,11,3
-1.048785917161429,-0.8081666357471964,Minor,6,92,91,43,71,9,9,8
-0.1449712357276962,-0.2909559971213776,Major,22,116,82,40,66,39,25,7
-0.2598643056466611,-0.559317296016928,Major,20,129,63,84,82,70,9,7
-0.4241614531573697,-0.5086568818472565,Major,24,98,71,67,60,19,12,3
-1.4266437102144756,0.2871992937185249,Minor,17,172,74,76,76,6,10,9
-0.0454372954679923,1.1350878898026722,Major,17,150,68,14,76,4,10,4
1.0473813404213852,0.5267853718625998,Minor,8,136,62,19,53,11,6,4
0.8187457255156062,2.648310750105805,Minor,5,88,53,34,47,9,83,4
-0.5530267735642754,-1.9906861457134133,Major,12,143,83,69,44,15,10,33
3.1334074898710966,-0.4083688419171895,Minor,17,100,49,17,35,71,11,3
0.7086799088578916,0.3712088181752393,Major,9,143,56,39,55,14,11,13
0.6336449959873824,1.0479231120637595,Minor,1,112,56,24,66,7,12,3
-0.2304101265802414,1.0153476478229433,Major,9,93,62,57,59,3,38,3
1.7166795098088874,1.189561163421748,Major,1,206,43,50,55,50,15,10
0.332266001754171,0.3386605446640411,Minor,2,88,68,17,71,15,11,5
-0.468270112564437,2.097876672085318,Major,14,170,50,37,90,0,12,5
0.3719901184220813,-0.6365635069450221,Minor,1,84,62,24,67,21,13,28
-0.1201988802429152,-0.4612873689233829,Minor,7,134,81,53,72,51,12,5
1.975019111308762,-0.2722933914675634,Major,20,158,54,50,40,61,10,6
-2.0187696301695954,-0.2286877819062545,Major,10,116,80,92,80,4,10,3
-0.3253196662038569,0.5226838483740472,Major,28,117,61,45,69,2,9,3
-1.1864671754596463,-0.2012196665072479,Minor,11,114,77,65,72,2,7,5
-0.1748954786299086,0.7705637649572095,Minor,1,108,61,47,68,0,13,3
0.1766618236347937,0.368580570594464,Minor,1,144,74,37,53,7,21,10
2.9854619511360285,0.0602699583418298,Major,2,130,51,18,44,76,11,3
-0.6264764763923022,-0.6791099229886058,Major,22,116,77,79,62,33,15,3
-0.748925909898495,0.9904497928248368,Major,7,121,65,49,78,0,17,4
-0.3138222186988887,0.1012681054627158,Major,17,112,64,54,81,36,11,6
0.2928654070497496,-1.9097771692458556,Minor,9,100,70,47,52,30,6,33
0.2413613836570195,1.0165824917069153,Minor,25,150,55,30,78,24,12,8
-1.896893009589036,-0.5222483725938432,Minor,8,120,84,96,71,18,34,17
-2.29768496992952,0.2312239555087954,Minor,12,127,82,89,85,4,23,6
1.2984418295445963,-0.1893152248051855,Major,24,90,51,42,61,53,9,3
-0.6001112105141838,-0.5114191823681342,Minor,22,128,75,79,63,33,15,4
-0.5662952664676394,1.2410845800696662,Major,10,143,64,31,87,4,8,4
-1.087009561300315,0.6642506622528869,Major,15,139,74,68,68,3,26,4
0.0762574890243399,0.904383545611684,Major,9,162,49,78,64,19,11,4
0.1596469254480549,-0.8386502536587136,Major,11,92,81,39,60,31,7,3
-0.8149455953902016,-0.5303036444172655,Major,19,95,87,57,55,10,29,7
-1.960407301023527,0.7068453342640774,Major,16,146,63,88,93,3,10,8
-0.678857976803299,1.3476612077806736,Major,17,95,55,56,82,12,34,5
4.320085243688074,-0.108114598223966,Minor,11,115,35,12,30,93,10,3
-0.870068524515047,0.2629801170344149,Major,21,128,78,59,65,10,26,5
-1.892277067715651,0.5871907365478024,Minor,15,130,82,69,83,3,27,5
-0.9008058281188872,-0.3615982615067204,Minor,2,127,80,74,77,36,11,4
0.7033157843916409,1.8157470618941691,Major,1,150,42,20,86,21,9,9
-0.1458988896916775,-0.4486871387795256,Minor,11,122,78,50,63,27,9,5
-0.0803804169673312,1.5818414721364702,Major,20,140,52,20,85,0,7,5
1.5694850491610866,0.1368072373226176,Major,2,140,63,22,54,46,12,8
-0.140380512145354,-1.3061747723612471,Minor,2,119,75,48,53,18,18,34
-1.2729954234045169,-0.9029347956812068,Minor,22,110,76,96,72,32,9,4
1.5388979923164756,0.274744273568291,Major,1,95,60,17,45,16,11,2
1.5782918708720768,1.0672053121355167,Major,20,132,56,20,55,45,32,3
-1.825508920443583,0.0205990996715233,Minor,31,125,77,74,78,4,23,11
0.4934749479782623,-1.5537379113115848,Minor,19,124,84,65,50,67,13,6
-0.8884827287181711,-1.8539985243479185,Minor,1,133,93,68,65,42,12,25
-1.6262752114247698,0.0216903241004698,Major,1,112,92,67,66,0,36,9
-2.3210058529445288,-0.4605888385032106,Major,13,97,79,92,89,5,6,5
0.9237924541459038,-0.9341807843633184,Minor,24,90,59,52,48,38,10,11
-0.0623770521715796,1.6986517566166035,Minor,6,80,65,27,69,8,53,4
1.09091847178382,1.679475276994598,Major,1,172,45,33,59,6,8,3
2.6733041870070213,0.0418352010291246,Major,10,120,60,24,35,73,31,3
-1.7600544762122854,-0.3967806605438737,Minor,27,140,74,96,80,18,5,5
-2.1355771922986486,-0.42363150900311,Minor,30,128,81,90,77,1,9,5
-0.7045878108090817,-0.7742767163324422,Major,26,122,78,70,81,57,10,5
-1.343553152261055,0.2955844042760919,Major,1,130,47,86,92,8,5,24
-0.4088400215084916,0.3727342081059156,Major,2,160,69,61,71,33,31,20
-1.3693613243625675,0.6622411407683646,Major,5,144,73,87,70,6,28,5
0.1311328198510028,1.4825407840157585,Major,4,192,50,85,52,11,28,6
-0.0108930536697569,0.7597084252220596,Major,17,163,54,40,67,0,9,17
-0.3323904517317149,0.6405928838886803,Minor,1,122,66,48,71,6,12,4
-0.136553782865044,1.7563547108088573,Major,19,154,61,41,74,21,40,6
-0.1763245089498095,0.42803128125685,Minor,4,117,73,31,69,6,11,4
-2.007068468013437,-0.0511581701141499,Minor,23,138,78,89,83,10,12,5
-1.369867997668545,-1.0541459424439967,Major,13,96,86,74,80,33,8,6
-0.4281719849550228,0.8329729792947361,Major,4,104,77,36,63,1,36,5
1.1545255764952869,1.9867790082052743,Major,1,164,45,24,62,8,16,3
-1.428083362739685,1.8114183578981784,Major,20,118,68,61,82,2,50,3
-0.4619118383696626,-0.2825268484130142,Minor,25,81,68,51,60,3,19,10
0.4873646445967312,-1.530943158715787,Major,6,117,82,73,45,54,7,3
3.736360207985699,2.0724484036797306,Major,2,174,45,10,37,97,64,4
-1.0338347171192848,0.4722186407283606,Major,1,128,73,60,77,3,11,4
3.11348002997566,-0.8968331130650317,Major,5,145,60,43,27,94,14,4
1.296093239313742,-0.3715312986673473,Minor,25,150,65,51,55,73,14,3
1.030065197112512,0.8210018772240437,Minor,2,90,60,13,53,4,21,4
0.8835931469130706,0.5553971302557438,Major,1,85,55,42,53,17,22,3
1.1089459588922348,2.7458909300083527,Major,1,180,33,38,71,20,28,5
-1.6713041168492608,1.9463538746257296,Major,12,166,57,84,94,11,37,9
0.1938371927667894,-0.450310355293794,Major,25,160,71,40,50,16,16,22
-1.778228881486279,1.2224605537973612,Major,1,160,65,95,80,5,41,16
-0.861946588907924,-0.4036384840567116,Major,1,92,70,81,63,4,8,4
-0.0712635435199788,2.059910322612287,Major,19,170,56,53,64,11,45,6
-0.6226506463845026,-1.7762461272793095,Minor,6,96,83,93,65,58,9,8
1.835479177628501,-0.9086525764675742,Major,17,120,67,40,52,86,12,4
0.1914575390503548,-0.3404100480616044,Major,13,98,70,37,54,6,9,8
1.7514770376447102,0.2893178651293673,Major,21,92,53,12,34,1,12,4
1.4989973821711378,1.8418548962552823,Major,18,150,34,24,56,4,11,3
1.7409658185902217,1.059339763993219,Major,21,94,37,17,47,2,11,3
0.0507116131884026,0.0411143876670302,Minor,19,90,74,36,63,26,27,5
1.2891189926156577,0.7715988446992191,Major,20,160,54,54,55,67,42,11
-0.6857205361147056,-0.1211826253582647,Major,30,120,70,59,75,24,9,4
-0.7842717855192592,0.8388589486002203,Major,1,109,63,46,85,1,9,5
1.2358930531742718,0.0896147418348164,Minor,13,129,57,41,66,63,12,5
0.2731390575343452,0.2566080385715782,Major,16,157,54,75,60,30,7,5
-0.3792426959385622,0.7452143521657507,Major,9,130,63,49,73,5,9,3
0.0064676916255725,-0.1186232457433447,Minor,6,107,65,19,72,10,13,25
-1.042892019583895,1.687585864457421,Minor,7,146,50,67,89,0,19,8
1.8453375306600164,0.1847664800497329,Minor,10,139,48,37,41,32,10,10
-1.0653194531049777,0.0664868844196089,Major,1,116,74,76,70,7,13,3
-1.211283173483934,-0.5614982444147879,Minor,20,95,84,52,77,12,7,4
-0.6518243614506243,1.8941948274307028,Minor,8,170,62,55,80,15,37,7
-0.2402926229964646,-0.0525175994360858,Minor,19,134,81,18,64,3,10,11
-1.6896581040118466,0.3194448364925685,Minor,19,84,57,86,90,2,9,5
1.426998110839688,0.5800149149769862,Minor,2,146,61,20,48,21,12,6
0.4662177724787138,-0.4011225939906265,Minor,1,74,53,24,67,11,10,28
1.7720868064778883,-1.2944981170264025,Major,11,144,75,35,48,84,10,12
-1.4827423726108322,0.0665691057659853,Minor,24,136,77,79,73,15,27,10
1.1932514593770116,-0.3595718858112331,Major,15,100,56,53,55,53,12,4
-1.9172795174692607,-1.806898107295672,Minor,2,105,89,67,78,9,7,33
-0.2723296777493225,1.0963956546988325,Major,26,106,67,24,78,15,30,4
-0.479339698128538,-0.7978600497793852,Major,30,132,85,53,68,40,9,4
1.792541217080753,-0.396596900746588,Major,2,120,78,5,30,21,13,5
-0.4561869517819938,-2.3360358927824354,Major,17,155,82,51,39,2,9,49
1.9165075175348876,-0.9726580805887536,Major,13,129,70,42,43,78,11,3
-0.7691100688933974,-1.33073526537947,Minor,29,135,80,85,74,62,8,9
0.1030163621262432,-0.6424536080443938,Minor,2,98,73,45,62,28,13,13
-0.3945819123963134,-0.9994128543277456,Minor,31,124,84,64,39,3,11,4
0.3218362056496306,-0.0261335796625824,Minor,2,135,77,28,55,18,22,15
0.3357675209307581,-0.8083566078151427,Major,23,107,78,39,53,30,11,6
0.3571099240107634,0.4820587693179589,Major,12,96,54,25,74,14,9,11
-0.6877198887209782,-0.1776438498903016,Major,30,123,71,58,70,30,32,19
0.4176390623609456,1.9041033479353344,Major,26,90,62,7,62,6,58,6
-0.1373343622978806,-0.4009273608580662,Minor,2,117,72,45,59,14,20,21
-1.4750189652729384,-0.3352162700118012,Minor,4,133,78,90,84,31,7,4
-1.3101421773944466,0.8131986348328414,Minor,2,96,74,61,83,11,35,6
-0.1087636540891572,-0.4509539006583546,Major,1,149,66,85,60,40,14,13
2.271855558354475,-1.1375616084091165,Minor,26,110,66,32,40,81,11,3
-1.256047593929902,-1.9799382278906004,Major,30,105,95,62,52,3,5,16
-1.2840787601521686,-0.9994796373065156,Major,22,105,80,69,78,28,11,14
-0.6478456426014108,-0.0025994449700842,Major,26,134,76,61,58,6,16,3
-0.4014561153813576,0.6664189666081805,Minor,8,170,71,59,56,4,27,12
1.2426510547244105,-0.0346246636826462,Major,2,81,59,26,60,46,25,13
-1.3691776698376348,3.443382073110429,Major,1,154,63,75,92,31,91,5
0.62850316572333,0.2686968902169321,Major,29,169,69,69,51,63,38,4
-1.3034566215537058,-0.8333764894724675,Major,29,115,78,64,69,4,7,14
0.6946153862022278,1.5288188056256289,Minor,5,84,43,14,74,1,19,8
-0.89406429497104,-1.4264110315640166,Major,18,93,79,58,62,11,11,23
-0.7254089771415874,-1.1400018400961822,Major,21,91,82,47,62,10,10,15
-0.1835828905690979,0.2084151740114038,Minor,7,142,82,54,44,6,33,7
-0.3870534431836414,0.5902526016659718,Major,19,126,78,20,70,1,16,4
1.2440478531804098,-0.4808663325068815,Major,21,97,73,10,44,26,16,8
-0.134007896376142,-1.1507971963824208,Major,2,101,92,59,51,41,26,8
0.6151794407140049,-0.6764780922614487,Minor,6,98,80,23,48,14,6,5
-1.36192289332427,3.065546030985993,Major,27,154,59,63,89,18,80,9
-0.4735934021416979,-1.497719418987156,Major,14,120,91,63,58,52,31,22
1.5439932324092516,1.3229217691452242,Major,17,150,49,4,55,7,6,3
0.3613061321515136,1.70125337984492,Major,21,174,47,27,78,11,10,8
3.026269752328146,1.7280616250409848,Major,1,202,34,25,51,69,18,4
0.3877523536164501,0.8955735353737503,Minor,4,153,56,42,52,5,36,24
2.603363108020496,-0.0072292798621046,Major,14,142,60,13,37,58,13,3
-0.6238840421509961,-3.30649735977744,Minor,11,108,84,55,47,26,20,64
-0.5178083379992443,0.5137007902404226,Major,2,143,83,25,69,4,23,12
0.2122208077778397,1.682231991733078,Major,14,108,67,55,67,60,80,5
-1.6932983930717276,-1.2368408178451569,Minor,1,104,95,78,66,3,4,6
-1.6384348328883451,-1.3025419204672115,Minor,16,93,84,96,79,43,18,11
0.4613504854836097,-0.19201358230712,Minor,10,105,65,46,53,16,9,5
3.6194891682501833,0.1449481474031888,Major,10,170,44,27,32,89,14,5
0.0483339501831271,0.9380153819641102,Minor,4,178,62,56,66,18,12,5
0.0497066212710861,2.402729619008461,Minor,5,176,50,44,76,10,32,5
-1.082501634046265,0.2897895233891562,Minor,1,104,80,38,88,11,11,5
-1.7542188992033836,-0.415902096291351,Major,21,85,70,83,84,31,47,30
-0.3215307895950092,-0.5173355660192279,Minor,30,117,77,69,58,39,26,5
1.6123775410099932,-2.513624688672719,Major,24,80,52,57,48,86,15,39
2.2431120499004145,0.8311835341483049,Major,7,98,44,36,41,50,38,5
-0.8266727972813868,-0.4918263212360785,Minor,2,178,79,58,78,34,11,25
2.569226371277334,0.6116936348747354,Major,8,148,51,27,33,48,22,3
-0.5669243464581205,-0.3936415277812468,Major,24,120,77,94,66,65,38,3
-0.945285863720309,0.8380520732497789,Minor,10,122,68,38,88,1,8,5
-0.450861406520807,-0.213946325280128,Major,1,144,74,75,73,42,9,4
-0.2059879318174894,-2.82310755393012,Major,4,96,93,47,47,33,10,36
-1.0697371819144037,0.5295780499211244,Major,24,137,77,35,88,16,17,9
-1.9799987061846267,-1.2739631995007128,Minor,22,121,94,71,61,12,53,42
0.6348885506104694,2.1075858282537085,Minor,21,119,60,10,57,1,50,3
1.4929610363569066,-1.241885654857952,Major,23,96,72,40,47,71,13,4
0.5381082883219147,-1.6513824627111666,Major,21,111,87,53,52,66,11,5
-1.56409537758128,-1.1466464736576152,Major,14,148,90,74,68,14,10,19
-0.1697304805203836,0.7046921023960294,Major,3,182,57,80,59,8,6,5
-1.5530963989539617,-0.4782708227674423,Major,9,141,79,82,86,28,4,9
-1.5985264444910392,-0.4055646220966,Minor,30,145,76,80,81,19,6,9
-0.6455702845392325,1.120591698675384,Minor,25,110,76,26,70,1,41,6
1.3997984499850316,-0.4589619211610999,Major,16,134,70,35,41,41,10,3
-1.4296932422194033,-1.4770004323017931,Major,28,130,92,78,62,18,6,10
-0.6487290807264284,-1.3123227896691212,Major,21,145,84,88,53,35,8,7
-0.9814661007682576,1.2607283282598336,Minor,5,130,69,36,90,1,15,4
-0.007413272710896,0.9203744271535842,Major,28,173,59,69,53,12,23,3
-0.7186524259941168,-0.7490634288823259,Minor,4,92,75,55,76,25,10,15
-0.8968473553697218,1.0187418872238865,Minor,5,105,56,57,87,0,10,4
1.247669139420251,0.6683320844713873,Minor,25,175,59,15,64,43,12,10
-0.3359690483229621,-0.244595750510051,Minor,27,120,80,33,70,22,9,4
0.1803763378818207,-0.7253104741133434,Minor,24,139,70,77,48,37,12,5
-0.6773568122660237,0.8245629115680858,Minor,17,132,59,56,82,12,12,6
1.1204808195636162,1.953004886618868,Major,29,114,32,17,74,14,17,3
1.8226876171622213,1.4654898853540317,Minor,4,145,54,19,48,36,37,5
-1.4006434848835931,-0.1026589581246988,Major,16,110,82,67,69,0,18,4
-1.3579319041653333,-0.6956692618078206,Major,22,94,89,61,66,17,36,16
1.2603314018522795,1.824699175408931,Major,29,134,45,17,60,21,33,4
-0.5043532173148091,1.7968201299364228,Major,24,120,62,32,76,0,39,4
-0.7457236805291171,-0.2109425786767161,Minor,2,123,70,86,68,24,11,4
-0.8379672646585163,-0.3066297780745285,Major,3,131,77,84,71,35,15,4
-0.131351284828408,1.391923924983405,Major,1,171,70,6,73,1,36,26
-1.57970634368776,0.2133519347390448,Minor,26,130,80,64,76,2,20,6
-0.3152496890964903,-0.96487528651497,Major,2,94,82,53,67,34,9,8
0.4424476889779689,-0.0899830166502787,Minor,7,89,73,44,57,39,32,6
-0.6212706769395498,-0.9091747494621896,Minor,17,87,65,71,56,4,15,20
-0.8976442365343573,-1.5442467208925332,Minor,22,124,72,79,78,55,15,30
-0.6509825043950813,-2.097392861630342,Major,27,78,71,80,65,51,22,32
-1.2338224578433532,0.3524787898645731,Major,1,120,70,70,79,7,18,10
-0.0398570908106939,0.58871392482232,Minor,31,96,48,50,80,40,37,20
-0.2945522383807845,0.2815817757638739,Major,25,106,73,22,86,31,12,4
0.2057206122567042,-2.307115559338752,Minor,24,170,78,75,46,62,12,35
-0.0804162632700543,1.4551323860364236,Minor,24,134,67,11,76,8,30,7
-1.0753106827898422,-0.5357214562371327,Major,20,115,71,90,73,30,11,5
-1.117785116806187,0.5140233587539755,Major,9,130,74,79,87,45,30,3
-1.0594160152541778,0.5034497392563249,Major,20,118,65,63,79,3,10,3
2.034754052225952,-0.2582606112195756,Major,22,110,59,22,38,42,12,3
-0.2817748067229063,0.0136781845472231,Major,29,100,72,42,66,18,19,4
-1.0076597076716436,0.055019908576044,Minor,14,142,70,76,79,26,11,7
2.551224595452384,-0.6595726801436052,Major,21,140,64,18,37,72,12,7
-1.066639531919376,-1.5920664821862358,Major,10,116,90,96,73,62,9,4
-1.2998271444217957,1.8083139471188328,Major,13,120,73,64,85,25,61,3
-0.4249800046248942,-0.4005443942123766,Minor,1,92,76,46,79,31,7,6
-1.692364283498632,0.4859887908340815,Minor,26,110,81,64,79,5,31,3
-1.895886407473344,0.5242562966089479,Major,21,120,71,57,97,1,13,11
-0.035066770417326,1.4305011086551231,Major,11,80,63,40,61,9,56,6
-0.6755914264672833,-2.28870055640625,Minor,13,115,95,43,69,47,9,31
0.9526820253199888,-0.5901069514202395,Major,28,76,58,46,67,65,13,4
-0.3384753795481912,0.4427034339356491,Major,20,172,60,77,78,45,12,6
2.1645825289382064,-0.0316139789822257,Major,9,99,40,45,56,69,9,5
1.5741885085032858,1.519310208806372,Minor,27,136,36,12,57,9,14,8
1.622094122441765,-2.373744297631025,Minor,10,150,90,64,14,67,11,10
2.336141887216142,-1.6993100769643938,Minor,7,92,71,41,31,79,10,5
-1.5988082201977678,-0.3931272061712196,Major,15,95,77,72,87,17,7,5
-1.3909608431442688,-0.4997539930914281,Minor,25,102,83,58,83,21,10,5
0.9802780380700468,0.0484883927884261,Minor,9,145,70,34,55,43,16,6
-0.4502744469603318,3.2059180068649127,Major,24,110,50,24,86,0,64,4
0.2759961811771024,0.7880746481151418,Major,24,95,64,30,77,46,38,6
-0.6388358339680419,-0.9450613159994476,Minor,3,94,68,81,82,53,9,13
-1.8745580396280144,1.545980072038993,Major,2,142,61,92,91,0,26,3
0.1871073439865514,1.546497175825026,Minor,5,145,59,20,74,1,15,5
-1.181411863446173,1.5817512209212676,Minor,3,121,64,67,80,0,36,3
0.4216048110177792,0.4336706193050054,Minor,3,140,66,43,76,49,12,3
-0.821122081619922,-0.1800866745250659,Minor,23,137,84,44,67,8,11,6
-1.3425474984224253,0.8080740700957474,Major,31,104,56,72,85,0,15,3
-0.8368286802662006,1.1240853426848485,Major,17,92,57,68,76,7,33,3
1.2603339066110857,-2.268610745553445,Minor,15,146,74,51,45,86,21,38
2.879037964400236,-0.6059157343409375,Major,23,120,56,20,43,89,12,4
-1.5617665045581646,0.2263874970001678,Major,31,144,68,83,81,9,8,4
1.870417199213192,-0.8397918287304105,Major,5,94,59,44,56,80,6,3
-1.4553743725965795,-0.2437041826492836,Major,31,94,73,65,79,5,11,6
-1.274584834500891,-0.2293627148011109,Minor,15,113,79,66,74,8,11,5
0.1029524818198547,1.48394302620922,Major,3,148,50,49,76,12,12,3
-0.322100780737048,-0.5706608336643507,Major,3,98,70,29,73,12,11,26
2.872308388117208,-0.7900095411617002,Major,31,140,58,26,38,91,10,4
3.785866396029627,-0.0600427503253517,Major,9,100,36,28,28,81,18,3
-1.42246490444148,-1.6066657504575583,Major,23,140,86,68,79,39,11,29
-1.3965583636590704,0.2863918230358159,Minor,1,100,59,78,94,27,29,23
-0.0171348984620785,0.6486895577201075,Minor,1,100,59,49,65,2,13,3
-1.1106071354879428,-0.7036939335887414,Minor,19,132,87,82,70,42,21,5
0.3516671427438882,1.7704724446172635,Major,3,142,49,48,67,10,26,3
-0.993849599389168,0.0985864730166476,Minor,20,176,72,96,63,25,21,7
0.8416997337343859,0.7102064734345434,Major,6,140,53,51,70,49,14,3
-0.9045889247882674,1.754520664074444,Minor,24,105,55,40,90,1,32,6
-0.7786554980067221,-0.2818248237389929,Major,8,135,81,97,77,75,35,3
-0.4238895902296781,-0.7541535363043285,Minor,28,128,82,61,59,30,12,4
-0.368021057964585,-0.0570354509277356,Major,3,101,74,43,69,12,12,7
-0.2387647202557964,-0.5087798831975064,Major,6,122,88,43,50,7,14,5
1.1010978997125842,-1.6710409473095411,Minor,8,105,76,49,56,80,10,13
2.170572867281723,-2.2833525512082264,Major,23,83,53,40,36,73,11,33
-1.02590941476053,-0.3216880740293331,Minor,3,77,72,59,76,24,42,28
2.496144784320315,-2.228517164086757,Minor,25,140,75,18,25,78,11,26
-1.4939395838700975,3.5245326166568174,Major,3,158,65,72,95,31,92,5
-0.6208536175168426,-0.7493979474713868,Major,28,176,75,43,65,15,11,32
-0.0058240787983177,-1.4949037209428986,Major,20,98,73,88,57,56,5,2
1.8004560406850103,-1.2098615971463904,Minor,27,107,66,47,40,72,11,3
0.6955573693129122,0.39041475724755,Minor,19,109,66,16,57,10,12,3
-1.643344657516692,0.144408085931417,Minor,15,109,84,72,74,10,34,7
-0.6529568784820399,2.2010963876436445,Major,3,148,53,61,81,5,36,4
-0.3552133340788013,1.156704528583208,Minor,20,158,60,52,76,17,19,5
-1.2210052223210093,-0.4187641296574557,Minor,29,94,74,64,73,6,10,6
0.835568207416191,-0.6246893511798238,Minor,12,96,70,40,51,35,10,4
0.1283848320494363,-0.2473972308112985,Minor,6,100,80,29,67,29,12,3
-0.1720210381920585,0.6796422134643985,Major,24,105,58,42,68,1,14,4
1.17182252731068,0.6751061841478617,Major,3,125,53,32,66,38,9,3
-0.2320981342990417,0.1682514156657945,Minor,27,170,56,56,63,13,19,27
-1.972131293019672,0.9621594105546856,Major,27,115,70,84,90,17,41,6
-0.8407884041276992,1.058571286687065,Major,27,122,64,25,89,0,15,9
-2.1242722266761604,-0.7997888183012115,Minor,17,105,88,82,80,8,11,8
-1.1879157133953162,0.5578688956331612,Major,30,133,66,74,84,25,21,4
-1.0274626133206624,0.1424458103661067,Major,13,100,79,60,68,7,26,4
-0.1729460254100533,-1.2145768616100592,Minor,28,120,82,55,45,15,9,10
4.3749991103161365,0.8094411695465992,Major,28,177,25,17,30,90,13,3
0.0436799644157395,0.6721050333297189,Minor,22,142,64,31,72,15,9,5
-0.7743415219462423,2.799186797898382,Minor,4,144,57,47,84,1,52,4
-1.5682658256903017,0.4774606115955701,Minor,12,120,65,80,86,9,19,10
-0.2369568329549157,-1.6138931707071889,Major,27,135,92,73,51,55,15,6
-1.1606185265368965,-0.7117556445053249,Major,9,107,81,82,78,38,12,4
-1.4439784492764205,0.182261996878943,Major,22,105,82,62,74,10,33,7
0.0211626626687152,0.4466841901058865,Minor,25,108,44,38,77,9,9,20
-0.0853659266065106,1.3185639107326408,Minor,1,147,51,62,79,22,14,3
-0.9242523757543536,1.650966010047589,Major,20,115,71,34,88,16,44,4
-0.4796641971746453,-0.9105748938238392,Major,21,174,70,57,64,23,8,32
-1.378740489326351,0.2938915256003461,Minor,12,90,68,83,71,3,31,8
4.102191956076782,0.0093022424837954,Minor,21,141,41,9,25,84,14,4
1.260761334205946,-1.0954196439157866,Major,1,82,68,50,49,56,8,4
2.462975545304965,0.4432244503929861,Major,20,92,47,25,43,62,32,3
-1.4185480279049232,0.2259952560215646,Minor,12,116,77,65,80,6,15,4
-1.565627176947663,0.0038192827413178,Minor,2,124,79,59,86,4,8,11
-2.164225222145983,0.315540672855964,Minor,27,125,71,83,89,1,17,9
-1.5293141867433744,-0.2907017164091792,Major,19,90,80,71,69,2,27,10
0.7173563663554858,-1.0685633079545498,Major,27,83,46,34,64,31,7,34
-1.7678740519237124,-0.2356465782277144,Minor,31,124,79,68,79,1,10,8
1.148991011341386,1.1585641260228932,Major,8,140,58,4,60,7,8,3
-1.4200043932746054,3.0379754145988485,Major,16,154,64,61,91,15,72,4
-1.557057413236933,-0.2244967697336513,Minor,23,150,74,89,70,2,5,6
1.429614653649665,2.2671789912578992,Minor,10,186,41,9,61,2,12,5
1.6021139024379043,1.6370062336383182,Minor,22,166,40,23,48,5,12,3
-1.2992649574025283,0.6253565188921847,Major,22,107,87,20,83,0,31,9
-0.3265496070521387,-1.574059554285502,Major,9,87,87,52,52,31,28,24
1.096818566304207,0.5357576057986017,Major,5,82,40,39,64,21,7,7
3.035610192133041,-0.6564455727052861,Minor,9,114,46,60,28,91,21,4
2.0583406587872126,1.564853195464727,Major,4,148,47,15,52,38,29,5
-1.5156580781341913,-1.526050049508024,Major,20,140,91,97,57,38,40,29
-1.944308524205577,0.0041457071802289,Major,3,101,90,76,81,15,33,6
-0.5606223553373002,0.6083106827201025,Minor,17,140,81,6,84,5,6,6
0.7306244017628655,-0.0373168072938453,Minor,2,88,49,24,66,19,18,29
0.3562843767265296,0.6280877739773228,Major,4,180,64,44,65,28,14,12
-3.073155299462601,-0.6151189880387707,Major,12,133,95,91,89,6,31,24
1.9799543295683215,-0.7205827030366911,Minor,16,108,63,20,55,72,6,6
2.4469843440589334,0.7330931298585891,Minor,5,80,39,24,43,39,23,3
-1.061860308130681,-2.337278076958701,Minor,11,75,80,46,62,3,11,46
0.8497252653845172,-0.2605268322863057,Minor,30,121,67,26,64,52,17,10
0.7628529199027704,0.9382008660583728,Minor,28,140,58,17,62,18,20,8
-1.797214965055301,1.2773260400747977,Minor,3,126,81,59,90,5,36,3
-0.7920268131034773,0.9590750609352168,Major,12,102,58,29,94,0,9,11
2.084975398931975,-1.2863141437621506,Major,8,82,70,31,34,60,11,4
-0.2247385094802145,2.8691476922448964,Minor,24,121,46,53,78,23,72,6
-2.037500742549523,-0.2895725346652132,Minor,27,103,70,92,83,1,7,6
-1.976463615949772,-0.7977822632694427,Minor,25,108,82,88,76,9,12,9
1.026312117260585,-0.7619476020520506,Minor,14,85,65,36,47,31,12,10
-1.421338965954803,-0.5142123679483487,Minor,14,125,84,70,69,1,5,5
1.3026247260011845,-0.7298311017037725,Major,21,120,69,40,39,41,13,6
1.312063731569378,-0.4487233536944643,Major,17,94,58,44,57,57,10,3
-0.3052786101939654,0.5099284870109495,Minor,1,130,65,49,80,22,7,5
-0.9088225548683218,0.8902576716321351,Major,1,110,74,51,74,2,29,4
1.2405299200489808,1.4772492017539336,Major,28,150,34,33,63,16,7,4
-0.8912337177485155,0.5577643375704328,Minor,1,107,74,88,65,28,46,3
0.9432237808976444,-0.1145008608826117,Major,1,140,70,85,41,71,45,5
1.5318572214510784,-1.842586889193416,Major,1,119,74,78,37,84,6,3
3.886717261480269,-0.1129675376797598,Major,14,93,35,38,23,91,29,3
0.1139836230107378,1.124553372213413,Major,13,133,46,53,63,5,30,18
2.1189317775372176,1.319448575474849,Major,14,202,24,76,60,77,12,4
2.9465509253526414,-0.7781682246869351,Major,16,134,45,72,24,91,18,4
1.2692625157368016,-0.6008865057557469,Major,1,105,72,33,51,48,9,3
-0.9485490412195686,1.6590306844687817,Major,25,160,51,69,81,0,21,5
-0.4433709157992955,1.3615640023955442,Major,1,148,50,96,82,47,34,4
1.5740254034786407,-1.0186162166963204,Major,14,151,65,70,47,87,9,4
0.3536434225517097,-0.4312350523117824,Minor,1,162,67,88,54,51,9,4
-0.4630160282303169,0.6058583331687124,Major,22,92,53,84,77,40,32,3
0.7622052421726457,0.5901217309765914,Major,9,152,65,35,65,44,21,7
2.265282152708373,-2.3437404528799,Minor,9,65,71,55,26,85,13,8
1.4208475779418124,3.7327288216276857,Major,1,147,33,39,61,32,77,3
-0.214462555988606,0.1803519181793194,Minor,8,150,73,71,69,53,32,9
1.3181660877029102,-0.8823754362712856,Major,1,140,67,81,36,64,15,3
4.524817038958221,-0.1115153792558159,Major,1,139,36,22,15,84,11,4
-0.2135106305048251,-1.0437658202293294,Major,16,95,75,74,58,36,9,3
0.4398622982429078,1.1588728345729884,Major,25,115,60,23,57,0,27,3
1.9573945567163733,-1.0479747014169047,Major,9,125,62,59,43,84,11,5
3.4251154675754227,-1.4613589576404695,Major,9,76,60,19,20,78,11,5
-1.7552529002177697,0.0809758857088175,Minor,1,101,72,91,87,14,13,3
1.910485855417393,-0.5684539754527691,Major,1,143,60,86,32,88,34,6
1.1418601931587216,-0.7964315435374633,Minor,9,119,51,51,66,67,9,23
1.641200058668124,-1.2176997331498762,Major,8,78,67,22,59,76,15,16
4.611328796343074,1.0251347980993883,Major,1,96,23,19,25,91,40,3
0.4169038803109476,0.8781600478932641,Major,1,180,51,87,58,36,18,4
1.2068047964644677,1.211360690926221,Major,22,126,34,35,76,39,8,5
2.315113233729346,0.4878099768770195,Major,9,150,43,42,44,57,15,6
-0.1538607651060044,1.4413756563274562,Major,9,90,53,47,74,9,34,4
-0.6929598487247152,-0.2706579823027402,Major,9,160,72,78,68,28,11,12
-0.8637407044001978,0.762164511065777,Major,10,114,59,60,94,24,10,4
1.6460901607776557,-1.607266184193079,Major,1,113,73,72,32,77,15,5
-0.6435707937490398,0.7463051389937744,Major,7,147,67,69,72,17,19,3
-0.9720222874598816,-0.4182971428452524,Minor,4,100,70,92,59,3,10,3
0.0098249229009096,1.5525748772834995,Major,2,155,49,42,77,3,12,9
1.971309615119277,-0.8418863831614196,Minor,3,107,54,41,39,51,11,16
0.358569205549557,0.8204965693937574,Major,2,112,80,15,54,9,38,5
-0.3283020889617092,0.1313019793619356,Major,31,166,70,57,57,9,11,7
1.285850828745505,-1.9368022994793683,Minor,1,107,69,96,36,81,8,4
0.4627396994560782,-0.4676353145796426,Major,9,81,47,33,68,24,22,38
-0.525815329806643,-0.5283454714271295,Major,9,150,79,77,46,5,11,7
2.593151687402745,-0.9775094671656588,Major,21,110,66,19,32,69,12,4
1.45505644842409,0.0675262922950997,Major,21,108,64,4,40,6,10,6
-1.2376612651905463,-2.0596033862406853,Minor,28,130,89,48,74,30,7,36
0.0852786255765753,0.3300063215025615,Major,21,164,70,39,56,6,9,7
-0.9303217331918036,1.8731797969215935,Minor,6,114,80,42,68,2,66,4
-1.9647025670797715,0.2431422657562162,Major,20,93,63,93,88,1,12,4
-0.6523155269563469,-1.3294216276513595,Minor,25,90,87,51,69,36,9,8
1.816629271953938,1.188441569279806,Major,8,128,45,35,68,78,39,8
-1.3996887514129466,0.198038381875389,Major,6,97,83,47,80,2,24,9
0.0824906671738258,-0.9231134976283596,Minor,1,152,69,94,71,79,7,8
1.833620673815728,-0.5266677076546888,Major,1,175,51,94,34,73,10,5
1.399627294888477,-0.4888474635535098,Major,9,116,61,48,55,67,16,8
2.157581895157173,1.0834821100987586,Minor,2,80,33,51,59,76,44,6
-0.758060828207567,-0.7634845454720712,Minor,25,93,63,34,86,26,21,39
0.471210369214855,0.5840046996250371,Major,13,122,70,42,54,30,37,5
-1.7092782243005715,-0.1987336321240591,Major,7,122,70,91,79,3,7,10
-0.3256117129892823,0.4032615699380276,Minor,7,135,70,60,58,4,16,3
1.655944164191558,0.0613525413429943,Major,5,109,60,45,47,62,31,5
-0.8403200758121198,0.3809769756584014,Minor,7,93,65,82,74,27,32,5
-1.832598280284936,-0.4104202992877939,Minor,20,125,85,64,81,2,7,9
0.5876031525260705,0.1352627418764975,Minor,19,206,58,83,45,36,11,8
-1.0399523556510202,0.4994076502747286,Major,24,130,76,44,77,1,13,3
-0.5056667769851152,-0.656031407213819,Minor,7,121,80,62,51,2,9,8
-0.6147246502856193,0.8368663002308389,Minor,7,123,74,35,73,0,21,5
-0.358580547470725,0.7965365527425857,Minor,23,122,67,50,67,15,30,4
-0.3582417112653432,1.3768242276429492,Major,7,143,53,50,79,0,8,3
-0.6154823170318569,1.23459966253574,Minor,6,121,70,35,77,1,26,4
-0.039008469211385,0.0950477192087094,Minor,14,166,56,68,66,28,11,18
1.4008586742400435,2.8621442841470506,Major,7,135,41,27,64,36,60,3
0.9314422468932992,0.0832767097021547,Minor,7,87,49,49,59,44,35,21
-0.6133334951664059,-0.5169770700904549,Major,9,111,77,74,66,30,13,3
-2.012855258846332,-0.0142738419886602,Major,7,110,75,85,84,10,31,19
0.9335447100258336,0.1877699135176195,Major,11,130,66,19,61,30,9,7
0.0868847494023887,0.628662157254411,Minor,18,179,61,76,51,30,38,15
0.0705778604484031,-0.8365429994884526,Minor,26,93,74,53,73,61,13,4
3.155433472830752,1.8304740498009335,Minor,7,78,27,10,49,62,49,5
-0.0816112575932487,-0.3935476852111278,Major,19,180,65,37,58,2,4,31
3.2858772714586446,0.943287699716072,Minor,7,86,28,13,41,50,19,3
-1.617259264770437,-0.8251183514414524,Minor,17,88,74,55,85,1,5,22
-1.1760102324906363,0.0026687885341971,Major,5,97,68,72,78,4,7,5
-1.0484129545132663,1.2611554695472702,Minor,8,134,71,59,80,13,36,5
-0.6620865092251417,-0.0660826465944019,Major,21,116,75,36,76,12,10,10
0.4537376192143255,1.1818611676752218,Minor,5,170,64,14,70,9,9,8
-0.2455532222438826,-0.9425661398545256,Minor,10,140,83,40,55,16,14,23
-0.8144993297080373,0.3343098722391112,Minor,4,118,75,46,76,3,9,4
3.733033618413781,-0.6410587815872785,Major,30,65,31,31,24,76,14,4
0.4497833717818909,1.075439921677471,Minor,22,120,56,16,67,0,11,4
3.8639507775203055,1.006849455345748,Major,21,176,29,12,33,68,12,5
0.7614442617136422,-0.2990715518206496,Minor,10,180,59,69,61,84,46,36
2.6370766649555404,-0.3702470429232878,Major,8,144,59,21,43,76,10,7
-0.4460554454882403,-1.6066296261965196,Minor,30,133,82,52,61,38,14,27
1.2645770677855153,-0.1031654331257915,Major,12,93,63,21,52,28,9,3
0.5225369607293018,0.3046130464252167,Major,7,122,77,25,62,34,23,3
-0.2189334368119027,0.1754433247870267,Major,19,88,53,55,73,9,3,5
0.7546287980741619,0.653595275374622,Minor,5,170,70,61,44,40,37,4
1.970020576902263,-0.741216761858682,Minor,7,94,46,55,50,71,10,11
0.4375245342555962,-0.0003250571368504,Major,18,170,65,46,47,12,13,16
-0.8692538115655186,0.2551596156774975,Minor,27,90,79,79,70,57,66,8
3.760768843666433,-0.1640842452459981,Major,1,78,40,7,29,62,9,3
0.5132728400618266,0.6051439226835288,Major,9,94,57,36,58,5,15,3
0.2662198862983841,-0.4624420181776309,Major,30,73,83,11,41,0,36,14
-1.0801803657911546,-0.3084714743198783,Major,3,176,73,79,86,42,7,18
-0.0415531013582009,-0.5823764709589941,Minor,2,128,81,57,63,40,10,4
0.8677679508938184,-0.3495705386949886,Major,30,120,58,44,60,44,5,6
-0.8206188588921121,0.497578484082517,Major,5,82,63,85,62,6,35,4
0.1344625057786099,-0.5141698631356777,Major,13,95,77,40,47,2,9,3
-0.7163876391413454,0.3259700651866343,Major,7,118,44,52,94,11,4,29
-2.1239418081710046,0.1028467436671401,Minor,22,123,75,93,86,8,14,3
-0.0202848451648521,0.162513336053532,Major,19,90,63,49,68,38,42,18
0.9827792365527114,-0.4209403569801673,Minor,30,110,73,14,57,40,11,5
-1.0222813529084789,-1.716983724281401,Minor,29,96,66,76,82,47,10,32
0.6613183334547927,-0.1816458158790199,Minor,9,88,56,58,55,35,23,11
-1.1972321669707222,0.4703300970994811,Minor,8,98,73,60,85,17,24,5
-1.1025282300900376,0.0171451006337799,Minor,24,110,72,67,68,0,14,4
0.1630908778359261,-0.9354452175742396,Major,17,80,70,57,49,19,12,8
0.5494671466871511,-1.0807529152652713,Minor,16,110,86,31,53,43,11,6
-0.2944628556434087,-1.4357006127423022,Major,21,110,79,70,36,0,6,11
-0.0505043810766681,-1.367657354911599,Minor,7,78,77,49,42,1,13,19
-0.7332283791098066,-0.3569513970045603,Major,24,129,83,44,62,2,8,6
2.124322260504167,2.071449992564533,Major,1,181,44,22,60,61,42,9
-1.6357429844010525,-0.3399562615545313,Minor,21,114,75,74,77,1,9,10
-0.5765156820024063,-0.8073788691087915,Major,5,144,74,39,65,5,11,35
0.3075857083408475,0.548413980661356,Major,11,101,66,18,68,9,12,4
-0.434584764049358,-0.7602355654559252,Major,21,84,67,78,63,29,12,5
-0.3263957755821775,0.3571942981794229,Major,8,154,66,63,69,21,11,7
-0.0263217591011875,0.4674595642556005,Major,5,148,59,72,62,18,9,3
0.6173947483020523,-1.5620035219550452,Minor,3,146,85,22,37,13,7,30
-0.8300406541817725,0.5706393915672783,Minor,1,120,77,51,79,20,26,6
-0.3857814571099962,0.8353213464022712,Major,1,110,53,75,69,7,17,3
1.688403728009427,-2.036230270081385,Minor,11,136,77,82,30,95,13,5
-0.3414667544663642,-0.9601596337390568,Major,19,141,59,56,63,12,6,36
2.8029209072867283,0.0629863747357642,Minor,7,108,46,23,48,75,14,4
2.798408312871947,-0.7516823096674554,Major,19,94,42,47,36,76,9,5
-0.143812026331879,2.5495841766223384,Major,10,180,35,41,94,0,5,5
-1.054866316583822,0.5034558059491442,Major,1,122,77,51,79,5,16,5
0.5894642357582841,0.0563927929807347,Major,30,85,59,33,52,7,12,3
-0.2475585464708353,0.8102065829372803,Major,7,148,68,29,73,0,7,7
-1.1859671106029672,-0.5528479324575202,Major,1,120,83,59,73,6,5,11
-1.0106301322147748,0.0165834254946643,Minor,24,91,70,76,72,22,27,4
-0.3912023453002046,-0.1220464472923441,Major,19,120,72,54,71,26,10,4
-2.043975352725684,-0.9639528642337578,Major,17,106,86,86,79,11,8,9
2.852155537692986,-0.5383621485303088,Major,7,110,63,31,35,93,29,3
2.8510462206203804,-0.04651017809117,Major,21,169,39,36,45,81,8,13
-0.2352059741559234,-0.1807585757456679,Major,29,118,80,21,55,1,26,17
-1.3774488185443865,-2.077312138706973,Minor,25,92,91,79,66,32,9,16
2.324286199274264,0.3807173957620383,Major,1,112,45,19,60,63,9,6
-1.5700306459587516,-0.4428205677422641,Major,25,140,79,56,91,26,13,21
-0.8613813734529704,-0.2190736689162516,Major,29,105,73,52,76,13,5,3
-1.2113401442607012,0.0126926411522779,Major,8,178,76,63,77,14,15,22
0.0348739070467284,-2.5381356252574108,Minor,23,108,96,71,42,57,8,9
3.7715306714129535,0.9800018799944832,Major,21,173,40,19,29,86,34,4
-1.1127399651773564,1.4880306189057395,Major,7,101,67,40,90,3,34,6
0.4629511354729869,-1.095833089370353,Minor,1,120,80,24,62,41,11,23
-0.7169785436400101,-0.4947368229836689,Major,23,144,73,66,80,44,9,12
-1.4739571847553747,-0.1138591744318969,Major,19,133,75,96,61,0,18,4
-0.3181541607254878,2.7613774672068487,Minor,22,158,46,62,83,53,97,28
-2.256397587197926,-0.2465602151674247,Major,1,120,81,92,90,9,8,7
1.2480815791341398,-0.5750334412756434,Major,21,129,61,59,46,56,13,5
-1.4820552334536052,0.5128321994854144,Major,18,102,74,45,89,5,26,13
-1.9285771965310885,-0.1475662810637854,Minor,13,124,79,79,84,2,5,5
2.0111849828101045,-1.4696809640607855,Minor,20,90,73,31,45,85,11,3
0.0064829736748345,-1.7109892039094623,Minor,14,161,78,65,52,46,12,31
3.24215629656733,-1.0974064044815233,Major,30,120,60,11,33,90,8,5
1.2163640731495635,1.181213913529421,Major,28,81,45,12,57,7,23,3
-0.4688674252910582,0.2381394813105778,Minor,1,150,78,47,70,18,15,9
-1.2991354718684138,0.0082364169380888,Major,2,105,76,58,84,10,13,10
-0.112651830654906,-0.7578151702207094,Major,10,79,63,76,67,38,6,4
2.103948643071904,0.961312607519774,Minor,4,146,52,7,61,51,11,3
2.933523290420025,-0.7942925645855643,Major,17,124,64,8,37,79,9,5
-0.8881538218900914,1.668753920807164,Major,1,126,53,66,85,2,24,4
-0.9345121408597324,0.2730362338083318,Major,6,121,75,53,74,2,11,5
-0.4261973503626062,0.5347460928681863,Minor,3,136,80,33,60,0,32,14
0.7985138139328084,-0.834795357003264,Minor,25,102,77,26,63,58,11,5
-1.0451021715257691,-0.3497152502622757,Major,27,77,73,54,74,23,41,23
0.4794476794708043,-1.4151425854018662,Minor,10,98,82,54,59,69,18,10
1.7786595525932567,0.0926836673199274,Minor,15,84,44,22,48,38,33,24
-2.377097393926909,-0.7276174225819089,Major,28,102,89,77,82,3,17,11
3.887594652022397,-0.3939393703591862,Major,1,120,42,33,26,92,13,3
-1.2879906456261423,1.0586706241711483,Major,10,117,52,73,91,0,11,7
3.374977049391169,-0.7085798594247642,Minor,7,72,45,27,33,82,14,4
0.535031436232164,0.1710272710842622,Major,3,168,67,29,47,5,22,26
-0.3330795150748724,0.928260680627956,Major,11,94,52,68,69,13,33,8
-0.716614801394306,2.314214473511812,Major,10,145,41,65,88,0,26,5
-0.1628394446142527,-0.2838954317500207,Major,27,134,71,14,61,1,23,33
0.0284320418294894,2.3051865859705947,Major,23,148,35,24,93,0,10,8
-0.8751911100586859,2.719713506024617,Minor,10,127,60,40,89,9,60,6
-1.171793202361117,-0.4339476097770101,Minor,24,172,74,79,66,11,8,16
0.8660814194659898,0.1024147687024297,Major,7,90,75,19,46,21,34,8
1.6779195621086338,0.0975282436018675,Major,27,96,57,30,40,38,26,3
-0.1838499642606626,0.4650293329904319,Minor,10,138,74,65,67,46,36,4
-1.2592062747908304,0.1346040176365364,Major,28,120,72,67,72,0,13,4
-1.1506659720388484,1.1475951481648634,Major,9,125,70,65,74,1,34,4
-2.355416710276065,0.2493499684357729,Major,15,123,82,80,86,1,30,13
0.2644499086328139,-1.868672165501507,Major,9,81,79,44,54,41,13,24
-0.0429749273025948,1.15092837675348,Major,26,171,55,10,85,7,8,20
1.7479730551876702,-2.3239457814732654,Major,20,91,77,60,32,84,8,5
-0.5780110407048711,0.1838604853889538,Minor,12,84,56,61,76,10,14,11
-1.1313387149521517,-2.0210144303946485,Minor,7,115,90,74,54,16,13,28
-1.8973022760710083,1.766247434113585,Major,29,125,69,70,89,4,49,3
-0.6921735497583571,-0.5079892241290392,Minor,14,122,80,62,69,28,13,7
-1.3632278817183878,-1.0314913488633333,Major,29,92,85,92,54,16,29,7
-0.8927976223923633,-0.2668299417904438,Minor,18,90,63,75,75,17,11,8
-1.759137784498895,-0.9184624002690684,Minor,10,94,84,90,70,9,14,8
-1.124268967850493,-1.2776078700039486,Major,1,93,81,53,78,18,6,24
0.2804292427551118,0.7162177236522519,Minor,11,130,51,50,76,30,10,7
1.68746531615412,2.167400010321857,Minor,11,180,35,23,61,23,19,6
3.272221769713492,-0.0897947729019395,Major,11,134,53,31,31,92,28,3
-1.722982096048482,-0.9595917748788564,Minor,1,95,92,31,89,3,8,25
-1.2677987872404413,-0.8901717624268766,Major,19,184,69,91,63,11,9,31
-0.5531982770773103,0.7741369312634586,Minor,11,147,47,50,80,10,32,38
1.1400826559544064,0.98506377539421,Major,2,123,52,44,60,40,26,3
-1.064597783996474,-0.9683470523903928,Minor,1,123,91,49,61,3,17,22
-1.6647279053308808,-2.6449406426786504,Minor,1,90,90,79,71,26,7,37
-0.3532919617323844,0.9234888166289852,Minor,4,160,61,65,64,1,12,4
-0.1972474896346911,1.9167348809047309,Major,16,115,60,37,71,8,48,4
1.0539781575870095,2.585728270930712,Major,4,141,37,17,67,2,34,9
0.5074412088452401,2.3899695203079805,Major,5,160,31,30,88,7,8,8
0.5422232011089119,1.4321097716993898,Major,4,145,57,23,66,4,15,4
1.2955444707864852,-0.8263950908756574,Minor,21,89,46,43,43,23,8,22
-1.173854110330878,-0.5198707801173341,Minor,24,95,84,49,72,8,15,8
-0.0422251882704624,1.8783570195734844,Major,10,160,60,47,62,3,38,4
-0.6079554675048141,-0.9268233223203723,Minor,14,174,67,74,75,44,7,30
-2.085767884060604,0.6143072936647114,Major,28,92,77,76,84,3,38,4
-1.5237414408215686,-0.2651006005334689,Major,1,134,93,61,74,9,17,8
0.6623361239963952,2.974570043249076,Minor,19,172,31,4,86,1,28,17
-1.4283665516261583,-1.4021484377936104,Major,17,80,76,92,62,6,8,13
-1.015179442621661,-0.6784232907496854,Minor,30,150,91,42,60,0,9,12
-1.48815285734821,0.039814207799139,Minor,21,80,78,53,74,4,45,21
-1.9600805290744807,-0.6390914560254817,Minor,16,166,81,83,75,14,29,34
1.3848574824317303,0.2138949191307371,Major,4,120,67,8,54,27,8,4
-2.077514630875099,-1.0892848667908912,Major,29,92,86,89,79,17,11,6
-0.095081831236896,-0.8177922175613078,Minor,28,85,74,61,52,30,26,9
0.2210350864067847,-1.37968498800842,Minor,15,154,79,86,52,66,9,7
-0.2484557604282,-0.2125286728492723,Minor,22,92,73,37,74,28,14,6
-1.6132434014874182,-0.3389547844158201,Major,11,140,89,75,70,6,13,5
-0.5627243073448147,-1.7545386280563435,Major,11,89,65,60,60,11,10,40
-2.3601787120187527,-0.6441501852080606,Minor,28,135,89,89,86,16,8,5
1.147940213648327,-0.7098937258354516,Minor,19,140,51,66,53,60,11,18
0.0048989091855399,0.7439016646487339,Major,24,82,47,44,76,8,9,3
0.7233065681608498,-1.135767978583966,Major,1,79,78,58,45,47,18,3
1.9491819430107848,0.8732330776831477,Major,4,88,31,31,63,47,21,12
3.106400193849754,0.154965669147564,Major,24,139,44,18,38,70,12,4
-0.925859446506418,2.145451901360776,Minor,14,124,73,68,83,55,90,7
2.1515818354250404,-0.904869750586868,Minor,4,80,39,45,55,73,9,21
0.0325880084460064,-2.554240515380074,Minor,4,120,84,54,51,47,12,40
2.9897504487347457,-0.8164667192190687,Minor,4,80,56,19,46,92,11,3
-2.137332509666439,-0.6734592786336155,Major,4,117,92,62,86,11,24,24
-0.7073756304229225,-0.6394644492943845,Minor,19,117,76,77,52,4,8,3
-0.6123332562623479,2.3534757713736703,Minor,16,140,62,46,73,10,67,11
-0.911382382638094,0.2721632671996982,Major,6,99,68,57,77,2,10,5
-1.6422154969563036,-0.077250213348799,Major,29,93,74,59,87,3,8,5
3.981830475146552,-0.4888717619289845,Major,24,106,44,8,20,74,11,3
-0.9701664041551972,-1.27101881903723,Major,11,124,81,68,63,17,10,22
-1.4526330243937522,0.0257805381321434,Major,4,95,76,96,70,18,33,4
-1.139708130664744,-1.6628557696888693,Minor,21,96,87,82,53,10,5,8
-0.6763027342145624,-0.5201449480323395,Minor,11,92,81,40,73,15,9,8
0.4466341385706148,-2.3737997274704505,Major,3,124,95,36,37,35,10,28
1.2776640558353718,-1.4987405886536076,Major,3,72,64,76,44,70,12,4
3.124273919923368,1.0280438892972137,Minor,4,71,28,26,20,19,30,3
-0.4209487205191044,-0.1967972186233544,Minor,1,135,78,55,57,4,10,8
-1.1922176380287757,-1.3224831021065844,Major,4,95,81,56,70,4,5,24
-0.1477015344641508,-2.04988360067454,Minor,3,71,59,70,74,56,11,40
-1.6542906346149269,-1.244244166357741,Minor,30,180,80,71,68,6,10,37
0.5730664130448141,0.7988825712392736,Minor,18,150,65,11,58,0,12,9
0.7912195356277323,0.0063120149877029,Major,18,189,55,86,44,40,7,4
0.285805696711537,-1.0015760572609658,Major,15,85,72,55,64,49,7,4
0.8006424508198866,0.4008977831811083,Major,18,140,59,73,45,44,34,3
-1.3837802759262186,-1.0130407065396545,Major,16,81,77,68,70,6,17,20
-0.3688714934231408,-0.1367043337632689,Minor,25,104,80,24,65,2,9,4
2.679899792438934,0.1519880548126173,Major,3,129,42,33,44,62,8,6
-1.6340267445622874,-0.1241337340812881,Minor,29,94,76,81,80,20,25,4
2.003755458142047,0.6125669371064034,Minor,31,71,41,23,40,27,30,5
2.228809961235424,-0.0359051523347192,Minor,16,146,59,23,46,66,15,6
-2.191569208574815,0.4510835238323057,Minor,27,103,69,90,88,5,29,8
-0.6604182231545882,1.227140951796735,Major,1,124,53,66,78,0,16,5
-0.3152419002534676,-0.5141971744213092,Minor,21,164,70,71,58,24,7,13
0.3139658677861819,0.1183836718494908,Major,10,138,69,35,57,12,10,9
0.4039008262390903,-1.454072263430239,Minor,8,126,67,37,46,13,10,39
-0.2200993683109265,0.5348160235813603,Minor,22,103,61,47,65,3,17,4
0.1489814647915747,-1.1879227316590706,Major,31,95,75,64,52,41,11,3
0.2879801818578407,1.2651057357902482,Minor,22,200,39,28,77,4,6,29
0.1096979466425244,-1.3244380466531236,Major,1,129,86,75,52,54,10,4
0.9986880136926882,-0.370679877584432,Minor,28,98,68,33,43,38,36,14
-0.4719640758255105,-0.804330835412981,Major,8,107,91,32,56,3,11,10
-0.7814863266128779,1.2712057959746397,Major,23,174,58,56,83,5,7,4
1.083521324778202,0.3068335222436774,Major,17,92,45,27,67,32,13,14
-1.5917400102927928,-0.3731941712493968,Major,25,90,81,59,83,9,11,5
-0.791379085369307,2.2735800470025054,Major,31,147,60,58,69,2,58,4
0.4177487517079881,-0.0049851901399347,Major,1,143,68,41,55,16,10,12
-1.0663755268491213,-0.129590969152878,Minor,11,101,76,63,71,3,10,3
-0.823091913367695,1.140435051507639,Minor,5,118,70,54,71,0,33,4
-1.2983590186477332,-0.4692588519179442,Minor,18,98,83,63,74,14,16,6
1.1489227717366346,-0.1050761036558625,Minor,6,138,72,22,46,24,9,6
0.457699520521212,0.7301932505684432,Minor,1,114,59,30,62,1,8,4
0.5610819245219154,0.5331627605270614,Minor,7,180,63,45,64,34,9,8
0.4579203416507998,1.0753470317705047,Major,9,145,56,41,57,1,13,3
-1.0657649003934462,-0.4676190442278691,Minor,30,115,78,63,64,1,7,4
-1.5810510953393129,-0.7950327918507986,Major,31,82,79,48,84,13,21,23
-0.0347565628115768,-0.3315370507291522,Major,8,166,70,22,61,2,10,34
-2.243308406231505,-0.0918253268278959,Major,30,92,86,91,79,29,60,16
1.5138514442179705,-1.3661766517729084,Major,8,108,71,55,44,74,11,6
0.6481918841899198,-1.3006773410622916,Minor,25,84,71,63,45,45,11,3
-2.24988508621627,0.8010928396683775,Minor,25,95,69,90,91,6,35,4
-0.8551873771894336,-2.2903981214826232,Minor,17,135,93,77,45,25,13,27
3.6705778676568896,-0.8317474058553993,Major,13,110,57,6,27,84,9,3
-1.3179623558223668,-0.8104842306930108,Major,24,88,89,59,64,5,19,7
-0.0576520098938719,-0.9612743882875248,Minor,30,119,87,28,50,12,10,10
-1.1962807295590407,-1.159434040373741,Major,18,120,58,71,80,15,7,41
-1.8208045368678345,-1.1119801354442216,Major,23,122,86,97,80,36,9,6
-1.1245234202584664,-0.5645417799964619,Major,18,98,78,83,75,41,27,8
0.4911664710595405,1.6813006500716503,Minor,13,140,45,25,84,21,13,6
-1.863737762891907,-0.0922000617074097,Minor,1,116,79,87,81,4,10,4
-0.103804263198365,-1.3641169755677294,Major,25,124,86,62,49,51,35,21
-1.8076265137798293,-1.467753357959376,Minor,25,105,91,73,72,13,9,15
1.2429477041368882,-0.1781522454196355,Major,5,118,68,24,58,44,6,3
2.375198594295496,-0.7116758731479285,Major,20,108,61,20,38,61,10,5
1.735997268288055,-2.4112025004632245,Major,9,100,61,53,38,84,28,44
-0.0366095915205044,-0.6400065882656054,Minor,13,140,81,39,66,38,12,14
-1.6352150693244618,0.1526461612433488,Minor,14,109,84,72,74,10,34,7
-0.4778640594958162,-1.146979593939249,Minor,13,101,78,40,74,36,17,27
-0.7627596466872791,-0.6075699315880875,Major,6,78,56,61,90,36,18,31
0.7160646772445689,-0.5691963673175007,Minor,6,93,79,22,55,31,12,5
-0.24710766672724,-0.6704700011149018,Major,13,87,52,32,83,24,17,43
-0.4374257295354791,-0.1733586669503104,Minor,13,153,55,50,78,19,11,35
-1.0787415306980734,-0.7760232528933282,Major,6,142,87,93,59,28,17,5
0.4943575402699967,-2.0226429157775367,Minor,13,96,85,41,43,39,12,21
-0.3489823382835054,0.1134368994472321,Major,12,125,50,39,78,4,11,33
0.0708695138855595,-0.384057809853811,Major,6,85,71,43,65,23,9,5
-0.6216319386041435,-1.417993662075863,Minor,13,140,92,78,57,46,14,9
-0.6824992952560477,0.8379020227595982,Minor,6,196,66,58,79,23,22,20
1.2462523505801837,-1.320850291245843,Major,13,134,78,51,43,69,14,9
0.5066485354217968,-2.6586600409527934,Minor,6,103,80,45,62,76,10,38
-0.6647400303332607,-0.0496314547281892,Major,6,130,82,50,67,12,13,5
-0.2822762249020921,-1.473146862512608,Major,13,108,65,52,69,31,8,36
-0.2929763366758929,-1.2148615955495108,Major,13,123,61,66,71,53,32,46
-1.1036827700247631,-0.0934549635872116,Major,6,152,84,74,69,21,18,6
0.5201370486669602,-1.1088133478463194,Major,6,108,78,55,60,59,7,4
1.5016865737481706,-2.6198018498464566,Minor,13,72,56,56,47,76,8,36
-0.6119401649284953,-0.2490660978037144,Minor,6,121,86,67,65,42,35,7
-1.006103729728334,-0.1393961274231177,Minor,13,138,57,71,82,19,15,29
2.2107915091719024,0.5386489791577314,Minor,6,188,50,41,50,69,12,6
-0.7995097220198184,-0.5348422572842789,Major,14,110,80,26,85,23,11,21
-1.6509126643525145,0.59527635807479,Major,6,105,81,77,79,19,47,8
-0.7878772157176426,-0.7171957390100475,Major,6,118,63,60,70,5,9,31
1.0636564011792415,-0.2950210873038825,Major,31,176,61,24,62,60,24,31
-0.6828376210896181,0.218634816116324,Major,6,158,83,41,65,0,11,8
-1.1942544281992906,0.2144968451567133,Minor,6,115,85,72,58,9,49,12
-0.438751300722404,1.0243446784981345,Minor,15,110,51,48,82,0,5,3
0.4419331044673164,-0.0717969615601366,Major,13,174,73,26,54,30,34,32
-3.0846328570236325,-0.7507118744697231,Major,29,130,91,91,96,3,3,9
1.775444758931674,0.4638246072467196,Major,29,78,36,30,54,34,14,5
2.250699394582899,-1.1495458632105728,Major,13,104,44,74,42,88,9,9
-1.706218634563153,0.6130980239399765,Major,13,121,64,80,88,0,12,6
-0.8625147758454105,0.0995038163738494,Major,10,105,83,32,82,14,12,4
1.0680626405058016,0.8688503399369626,Major,22,81,38,20,66,9,9,8
4.191276126988134,0.3892964897349444,Minor,13,170,37,14,24,80,11,4
1.9261169663234183,-1.1137289353432729,Major,13,78,43,60,38,76,48,38
-0.988747444227086,-1.3165021253174678,Major,29,125,88,28,66,6,13,31
0.4269887983650104,-0.1771615410919358,Minor,13,92,66,29,65,23,8,7
0.1338218202684735,-1.3197013737197183,Minor,22,140,84,61,42,31,9,9
-0.4222413686291143,0.3648949337877488,Major,25,96,61,32,90,25,10,9
1.1369342930387472,-1.864441146644061,Minor,13,118,66,83,43,84,19,19
-0.4938006366065169,-0.5025548373928284,Minor,6,92,71,67,60,7,6,4
2.440213144891181,-1.8361527500284989,Minor,13,140,49,50,37,87,11,35
-0.2951753774851274,0.0486413250813618,Major,1,174,68,45,71,18,11,25
-1.0427758329287524,0.5924376341370139,Major,26,127,77,53,78,19,29,4
1.0278427086637152,-2.2447902351023057,Major,6,96,71,37,52,62,11,36
-1.4004991861368743,-0.5023324327459618,Minor,29,150,82,82,66,13,11,6
-0.9168676027233086,-1.0063036085092414,Major,13,100,87,46,60,1,13,16
-1.1802058475902013,-0.1437610952872305,Minor,24,105,73,59,81,13,9,6
-0.705309673459183,-0.7377934078605017,Major,2,104,86,43,62,5,13,14
-0.4603400122683713,1.571807957465094,Major,23,154,54,45,79,1,17,5
0.1547073218887244,0.8094003407866226,Major,22,80,47,33,83,18,10,5
2.634540250984323,0.2605430333217828,Major,24,150,53,14,43,64,13,3
0.3511189759820853,1.8787990791339384,Minor,31,156,32,49,72,0,9,4
-1.7387347982512058,-1.744687085804844,Minor,8,98,76,79,81,18,6,34
2.997627572997981,-1.0570145578824135,Major,7,92,58,27,36,86,9,3
2.264380485688054,0.947190563039312,Major,6,144,47,7,50,32,7,4
1.3985898219969823,1.7064169920022725,Major,20,150,37,27,56,8,13,3
1.854752087448667,-2.393226050775177,Major,9,138,70,31,44,84,9,39
-1.3651249110024002,1.654493313916685,Major,10,172,56,68,89,4,33,19
-1.6140153810285724,-0.8589575712076437,Major,10,77,72,70,82,2,4,17
-0.1021008269556933,-0.0266890976735057,Major,20,107,72,36,72,26,11,4
3.1959374444196853,-1.0302255947781176,Major,20,114,51,39,29,90,10,4
1.3784463964264384,0.3413352056085062,Major,10,117,63,29,51,43,25,4
0.8145843089702068,-0.4115248025448629,Major,20,146,69,63,45,48,18,4
-1.116936247229225,-0.8703646586201722,Minor,6,160,80,74,60,8,14,26
-0.0355007567587084,-0.3158706589850279,Major,10,120,88,15,56,1,8,6
-1.3645699903642896,-0.9495454142450525,Minor,27,100,82,76,70,16,8,5
-1.1960495113086542,1.3198163156788951,Minor,10,158,60,68,84,4,24,11
1.844179394006884,-0.1774689432519654,Major,20,142,56,40,54,72,10,4
-1.9610670289369363,0.1632636227903521,Minor,20,170,80,77,85,11,17,14
-1.5705052953977876,0.7069550862200741,Minor,27,84,71,39,86,2,51,25
1.1581829986681276,0.4409602481464066,Major,20,139,58,30,46,14,9,3
-0.9998530938025202,0.6417109534091696,Major,1,151,73,88,67,20,32,5
-1.168887003444022,1.8375541389473544,Minor,8,128,82,42,75,6,63,6
2.122734101404757,-0.326820131302899,Major,20,118,56,20,54,67,6,5
-0.6666791955671867,0.6622256304731506,Major,20,183,65,88,72,36,20,3
0.271411545641518,0.5121075957135466,Minor,9,83,63,29,62,4,18,4
-1.3881210310086884,-0.1582043098100794,Major,18,122,85,42,80,6,17,14
-0.4040188215411122,-1.1295873842817248,Major,20,165,72,90,48,32,18,23
-1.0293378434027465,-1.3046713146358029,Minor,20,106,83,90,64,35,9,4
0.1666865205715446,-3.3189127736921407,Major,25,77,81,68,58,83,11,34
-0.4197308861543125,1.6436605845423822,Major,1,91,57,30,89,10,33,8
0.7853737459301845,2.5167621765814503,Major,3,148,51,21,63,5,41,3
-1.318851259110973,-0.2458172297293553,Minor,20,114,71,90,81,31,13,3
-1.563715944872891,-0.5160961336552522,Minor,10,120,91,63,77,12,10,5
-1.3441651911948604,-0.299575129058815,Major,2,92,83,56,82,10,9,5
1.1766346793117284,0.5134093471168171,Major,10,118,56,25,45,1,7,3
-0.3218218954759154,0.9047596732427536,Minor,18,123,60,46,71,3,16,4
2.0513527826990496,0.0594016633215352,Major,12,89,52,28,48,54,19,3
-1.079881575443835,-0.5488003760090036,Minor,2,110,81,61,93,49,12,11
3.993191646147759,-0.8173275142438334,Major,20,118,42,32,20,94,11,4
-0.7107985147864951,-0.7407049671303219,Minor,15,90,68,54,76,21,11,20
3.2866988100082835,-0.0828128499220292,Major,13,130,49,14,40,82,11,3
-0.3726040894470821,-0.5562285143084481,Minor,13,154,70,97,62,47,10,4
-0.7680491452199844,1.3298152823583755,Minor,3,105,54,59,83,0,20,4
-2.11054120862043,0.5343568776111516,Minor,21,115,70,87,88,4,26,8
-1.80586054341388,-0.7315703121662575,Major,16,110,91,59,82,8,6,8
1.0141977703406355,1.3561053844819548,Minor,17,125,51,5,68,12,15,6
-1.311141070486987,0.6972028947017532,Major,10,102,73,62,75,0,34,8
-1.1437852511778746,-0.2009875139968756,Minor,6,120,81,72,65,4,14,4
-1.2629826602490517,-0.1616926934615718,Major,24,97,80,36,86,4,3,5
-0.7108318849547585,2.8784347609175303,Minor,24,140,44,41,92,0,44,7
-0.5215816924950433,0.2070177921033751,Major,1,97,78,31,72,1,11,4
-0.6427166645926353,1.4245584743384818,Major,1,125,45,67,90,9,10,5
-0.4071634908457059,-1.082234307221416,Minor,12,88,80,55,56,13,8,9
-0.0631854995313438,2.027514321368142,Major,19,170,56,52,64,11,45,7
0.3549124488397365,-0.6845783897362225,Minor,17,137,88,8,49,9,9,14
-1.300966296300906,-0.6868686673733623,Major,1,157,88,52,69,0,8,23
-0.7456533110966217,-2.508170838642258,Major,3,130,95,83,57,54,10,25
-1.999919576533362,-0.9324898238884356,Major,6,90,85,80,83,10,8,11
0.3450495933120085,1.3791600487626547,Minor,24,183,44,44,67,7,12,13
-1.3868040091472316,1.4143300892548465,Major,2,128,58,68,91,2,27,11
0.2581795531889933,-2.8943282073926526,Minor,10,130,71,78,40,46,7,45
0.6760667210574549,-0.9390733871650434,Major,4,126,63,56,43,24,12,23
-2.362232502975949,0.1470394033545813,Major,5,120,77,94,87,2,23,12
0.7898773946063276,0.6265541865424772,Minor,5,130,72,18,46,7,28,8
-0.7153464380703433,-1.6740319852911336,Major,18,122,70,46,76,30,9,45
0.0355404860427318,0.3476698798020025,Minor,5,172,74,46,58,15,13,8
-0.1500967039906765,-0.8988750988103352,Major,20,103,61,38,62,14,23,40
-0.1462579349912149,0.6476877017415443,Minor,29,122,55,46,64,0,17,10
-0.746139146540596,1.58278091712989,Major,13,130,47,56,90,0,10,4
-0.6671338186647882,-0.7544176538543735,Minor,1,105,81,70,65,24,8,4
-0.3334174247577556,-1.5531020930350314,Major,11,120,90,73,51,39,9,6
0.9640412174071186,0.5692237771115453,Major,12,145,56,43,53,24,12,4
-0.5095864844098402,-1.36197811276803,Minor,22,99,79,64,59,28,11,14
-1.0980298214987194,-0.4351655571103915,Minor,1,88,79,66,65,5,25,14
-1.4485684005970634,-0.0591178144342762,Major,15,126,81,90,73,28,29,4
-0.8464028174095605,-0.1802756515280176,Major,15,136,77,71,75,33,13,4
-0.363374972625948,-0.9643771129162136,Major,18,113,70,97,59,55,27,12
-1.3094454066382828,0.567260064161332,Major,16,132,82,49,88,20,21,3
-0.7905099643227531,0.0521804559873213,Major,20,135,77,74,74,47,34,8
-0.6752625107649999,0.5511372918831546,Major,10,126,67,49,77,11,19,11
-0.6690159828524772,0.6248820629681887,Minor,9,102,67,72,74,30,36,4
-1.899484360159855,0.0396637115201525,Major,22,125,68,80,92,10,9,12
1.3008618110308714,1.74964575508697,Major,1,149,37,28,66,14,9,5
-1.425473379154755,0.3577851556485779,Major,15,137,74,71,89,24,15,5
-2.1811021677810536,0.387870912484562,Minor,26,120,77,78,91,14,33,12
-1.1851068841399237,-2.3527447859769683,Major,20,100,90,75,50,11,9,26
0.1639786907937875,0.2511063341114899,Minor,3,164,70,58,57,25,15,7
-0.4304070845002284,-0.2424488766280328,Minor,10,93,65,79,66,31,22,7
-0.9623916502465172,0.2315555701123798,Minor,13,180,65,52,80,5,6,25
3.0639595935156367,-0.0646034554569593,Major,15,79,34,22,31,43,10,7
2.715766018034976,0.0818367900348751,Major,5,146,56,21,44,73,11,2
3.9199045686882794,-0.1633830871721382,Major,10,103,37,17,27,75,10,3
-0.5735155495597358,1.55154706059557,Minor,2,140,70,26,76,8,54,23
-0.7996453575681456,-0.412671949821434,Major,13,92,81,48,70,13,15,7
0.8218052734788625,0.7107804649029082,Minor,23,102,64,4,60,11,19,4
-1.4838043652747497,-0.493688249127155,Minor,22,118,82,75,85,33,11,4
-1.074279851742051,-0.603095516318749,Major,13,93,78,75,62,6,15,6
0.473332046300998,0.34788287793594,Minor,23,150,70,26,56,14,11,5
0.8154593376617858,1.1564814994492438,Major,7,130,52,24,60,0,8,3
0.4535782245021911,1.3296575309695235,Minor,14,83,65,24,53,6,51,4
-1.1203746650171071,-0.533167104865745,Major,18,102,84,43,75,5,6,8
-2.049973457739512,1.2624583942872658,Minor,17,136,73,65,91,4,48,18
0.6385421245073921,0.7737224498835934,Major,16,145,66,24,58,17,19,5
1.507318252495204,0.5226526921693,Major,21,130,57,24,37,11,16,3
-1.6521921528235597,-0.1168510081466863,Major,14,156,72,92,77,9,8,11
-0.837895562465242,1.1325649854669908,Major,29,123,57,50,85,5,16,4
-1.3319729440586117,0.9155775574859022,Major,16,132,92,53,62,7,63,10
0.5304124774956668,1.5025969201146607,Minor,18,125,49,13,74,0,9,4
-0.5940405993599651,-0.8863860742279712,Minor,14,162,74,22,67,0,11,46
-2.133286579521428,-1.41948041871876,Major,22,138,80,82,81,14,13,36
-0.2761334291225469,-1.103143933484286,Minor,1,161,59,62,60,12,5,44
-0.4770592187068844,-1.4967203236669735,Minor,4,131,91,23,55,1,7,32
-0.5032658198586973,0.5956019944106866,Minor,4,122,75,45,63,6,35,12
0.9468863794764364,-2.608480481423432,Minor,21,80,80,16,28,17,12,39
0.6843781278296976,-0.1577727544899277,Major,21,109,75,11,50,20,30,17
-0.2161523592721101,-1.5833144801320913,Major,4,158,84,33,36,2,39,59
2.274104461711809,-1.0211054919587972,Major,21,126,66,12,35,55,9,14
-0.0267184671704939,0.8226234374395099,Major,4,104,73,25,61,1,32,7
3.4714695477387187,-0.4952362430577724,Major,21,110,48,15,31,80,12,4
-0.2420338747613348,0.7458227147449484,Major,4,130,77,20,70,1,16,5
4.325195057273549,-0.1553613735372982,Major,21,177,34,39,16,97,12,5
0.1118818129772561,0.9118770731781384,Major,21,158,48,55,84,43,15,12
1.9896032191889188,-0.1324377556400251,Minor,4,114,62,25,44,51,14,3
-1.3948760177827402,-1.0179919326846516,Major,4,144,93,62,61,0,12,20
0.0392597424438212,1.4074593104338788,Major,28,125,54,22,76,0,14,3
-0.2949161069864351,-0.5865285842149626,Minor,4,142,85,40,43,4,39,32
0.6192807871211369,0.1881379077259437,Major,4,120,64,11,53,1,25,27
-0.1518562552239345,0.1607701107465585,Major,21,96,57,55,74,22,8,4
2.418644612189364,-0.1185658106664055,Major,3,144,60,24,39,57,8,3
4.133055385759335,0.0930561119417619,Major,21,166,42,7,24,83,12,6
-1.3475015630613465,-0.7615001374999816,Major,3,92,80,81,67,4,8,6
-1.5484685788795898,-0.4514421850906554,Major,20,97,82,67,77,8,12,5
0.3823627076720461,0.3450373131261352,Minor,4,90,61,32,67,15,11,5
