X,Y,mode,released_day,bpm,danceability_%,valence_%,energy_%,acousticness_%,liveness_%,speechiness_%
-46.697350407791134,-7.437096321123978,Major,14,125,80,89,83,31,8,4
-26.97789645418411,29.93225497856981,Major,23,92,71,61,74,7,10,4
19.75808091144457,-21.744087959199486,Major,30,138,51,32,53,17,31,6
-12.231452710026256,-53.72168980071864,Major,23,170,55,58,72,11,11,15
9.850057326883409,-28.579589712550145,Minor,18,144,65,23,80,14,11,6
-21.30945727327297,-26.568833318519008,Major,1,141,92,66,58,19,8,24
-24.66680823824996,-39.9666099114484,Minor,16,148,67,83,76,48,8,3
19.028639875984847,26.36468084797927,Major,7,100,67,26,71,37,11,4
11.98871359370012,-8.490831552761493,Minor,15,130,85,22,62,12,28,9
1.9490647777454304,-58.457874188994246,Minor,17,170,81,56,48,21,8,33
-11.13982992057948,43.12428559572814,Minor,17,83,57,56,72,23,27,5
-13.94462038197417,-29.07096524350141,Minor,7,150,78,52,82,18,15,7
-24.27280499541904,3.5069176604009686,Major,12,118,71,65,68,6,3,7
68.99530734246977,-0.6334676358287463,Minor,14,130,51,32,43,83,9,3
-7.901936928697114,-63.45085271177806,Minor,31,174,52,66,73,34,31,6
-13.191576673567017,37.06339745402722,Major,8,89,64,43,73,5,16,4
-7.3790549380248,6.107620540695394,Minor,24,120,78,76,59,43,34,3
97.9358002981694,53.89493134999688,Major,13,78,44,14,9,96,10,3
-29.967669800141056,25.049236191147223,Major,31,100,86,67,66,14,12,16
-8.237986082677711,1.755297556219798,Major,24,120,63,36,73,0,36,4
-44.6108656695118,-26.64584898141454,Minor,22,140,65,87,74,22,42,4
-42.04829516702109,-3.7959413560670967,Major,7,123,69,82,76,6,6,3
17.17430128211741,-20.491684673945727,Minor,1,135,48,44,42,12,11,3
-35.38945544404985,-15.63341511695558,Minor,31,133,85,81,67,26,12,5
-51.59874809515431,25.475102157876183,Major,2,99,85,83,68,7,36,20
-58.3659325982895,-11.172715061033832,Minor,22,130,79,96,86,9,9,9
-40.5951469422708,19.961410472397063,Major,25,107,80,82,80,43,14,4
-55.25074104841672,-1.6162679676475689,Minor,29,122,81,74,71,14,56,4
21.07561501222056,-88.46251256464812,Major,31,204,52,52,68,46,15,4
-49.48408734236842,9.512165157301576,Minor,25,110,67,78,85,2,33,5
-12.800875338878484,-7.110749209173529,Minor,13,126,74,35,84,0,11,6
-10.112430092108715,-57.77887068991822,Major,28,168,56,63,87,39,11,5
27.5129605884472,31.031811033228024,Minor,2,98,71,17,61,36,8,5
-9.673152147185458,25.137720860113564,Major,21,97,64,51,63,12,19,5
37.65893471441498,-67.32291759479229,Minor,23,180,72,61,63,67,9,28
-22.698005569482927,2.045386309022857,Major,1,120,81,63,68,11,11,4
15.013541830171896,-28.373319388102555,Major,7,150,61,39,73,37,11,3
-19.841082173358902,26.38471389520808,Major,1,96,75,57,68,9,13,6
-21.61123606553508,33.24287060663772,Major,1,95,60,48,79,0,12,4
-54.55123529071301,-6.815617520376724,Minor,19,125,79,96,85,27,11,6
-26.96071568234385,-31.33635465275396,Minor,10,144,56,84,65,23,10,6
-16.565538724627757,63.80846094923752,Major,9,90,76,91,50,54,7,5
-31.26578566381232,-22.349899079247976,Minor,26,128,56,38,97,4,35,4
5.901369479123683,49.54368119348861,Major,21,79,56,58,56,37,11,10
7.0007189776026655,-35.82538739614933,Major,23,144,77,75,58,52,23,25
-7.388400265404595,0.2118275593094872,Major,27,122,67,49,64,10,10,3
-39.7604408261582,-21.72034849390846,Major,13,140,71,82,81,11,6,5
-1.4565591314937536,-14.77079198817096,Minor,24,134,59,51,52,9,15,7
0.6197397430803036,-70.28023257662282,Major,21,186,68,49,59,16,13,28
-2.5003553000983567,68.92037160831515,Minor,24,67,53,50,53,23,44,7
12.364472937273993,25.422313940254814,Minor,2,106,72,17,64,7,10,5
-0.4019701903577508,-22.06255178399988,Major,6,128,60,23,91,0,12,3
-18.17480712269531,17.7593435792098,Minor,24,107,92,55,70,18,15,7
-56.528583964667696,-12.944363809763184,Minor,15,130,67,96,88,12,8,4
64.82666877461396,4.587438363922947,Minor,15,123,45,13,54,70,9,4
-4.558613911718929,-64.34384429411746,Major,29,171,50,38,80,0,9,7
-32.976735933242736,-32.035766954277285,Minor,24,137,64,88,72,51,17,5
20.685808123507343,-4.260435544599191,Minor,26,125,84,85,68,58,22,4
31.97170857746752,0.0087914348780227,Minor,14,128,86,42,72,59,9,19
29.0497162066134,-4.4654583553306,Minor,24,130,61,53,58,55,27,4
-24.64609381138956,-22.725667332400807,Major,4,130,86,59,96,50,9,5
-40.94766182184902,-16.593960123863454,Major,3,133,70,86,81,25,25,5
22.863834634460687,43.07018458231105,Major,24,101,88,72,59,62,9,3
39.63105004939269,40.034009020347696,Minor,24,95,77,53,64,74,17,14
-16.715448916467214,42.87173590654056,Minor,6,98,90,40,59,0,10,29
11.63376288303395,-67.43756805622277,Major,1,173,43,28,66,0,23,3
8.16204670073975,64.6821493089684,Major,21,90,64,10,62,7,48,7
33.21815551672929,-84.90493139919546,Minor,2,198,59,71,42,55,10,7
-14.489818193459696,-26.1003363786432,Major,14,140,56,48,73,0,35,4
6.611586102653257,60.15926931070305,Major,7,82,51,22,53,1,15,3
-53.93231711891831,-12.686885580925791,Minor,23,130,77,84,89,17,43,5
12.801918904732773,48.77242597436086,Major,28,81,76,53,53,44,9,9
53.5638507340714,37.049320667015685,Minor,15,94,51,14,59,65,25,3
-10.05802173990434,-4.658908474787119,Major,14,124,61,41,81,5,10,3
-21.7354957082758,-9.011753282126351,Major,6,128,62,55,78,1,23,4
4.3324134458539225,-22.867310677309376,Minor,1,138,49,42,62,9,11,3
41.00290654393312,-4.9489976603912735,Major,17,132,58,27,48,50,12,3
16.370049032896635,-15.014917122531696,Major,22,131,71,24,47,1,27,9
-21.86775089736119,-49.7856418953897,Minor,20,168,78,58,73,5,10,7
2.944900614881988,28.282236942303843,Major,22,98,68,40,79,33,30,6
16.93614249176599,24.667915450269863,Major,1,102,48,50,73,43,15,4
64.41555333662329,29.73643430762748,Major,22,101,34,32,57,78,20,3
65.05740597071856,-1.7076995875807248,Major,23,130,63,36,34,76,35,9
17.828288387043543,-34.28538864969709,Major,7,142,50,20,64,1,12,3
-10.397344680612983,-54.30976025934035,Major,9,170,59,48,76,4,10,5
-31.0924710728372,-2.857369465059204,Minor,3,124,78,70,68,3,11,4
58.05232369122134,18.5103531798738,Major,8,110,50,45,41,75,11,3
-16.807449369829218,37.81294193850219,Minor,6,92,91,43,71,9,9,8
11.182666532619306,10.117143844312553,Major,22,116,82,40,66,39,25,7
44.210518737640186,-20.98140861100069,Major,20,129,63,84,82,70,9,7
-18.1563514941182,24.914333420049942,Major,24,98,71,67,60,19,12,3
-33.53161567047519,-54.39462546617291,Minor,17,172,74,76,76,6,10,9
15.664009692480407,-41.836344834898895,Major,17,150,68,14,76,4,10,4
23.015008166376926,-19.286433136528206,Minor,8,136,62,19,53,11,6,4
-6.0076906892136,86.06490497126487,Minor,5,88,53,34,47,9,83,4
-19.541185665829406,-35.03726712302858,Major,12,143,83,69,44,15,10,33
66.81446985639951,28.632258553104112,Minor,17,100,49,17,35,71,11,3
9.180170965614414,-23.70034574973296,Major,9,143,56,39,55,14,11,13
11.056303973658888,14.235172360896598,Minor,1,112,56,24,66,7,12,3
-22.285549285928795,38.221630688815786,Major,9,93,62,57,59,3,38,3
35.80427734728239,-87.91260465881497,Major,1,206,43,50,55,50,15,10
8.011903795709337,48.6005463181486,Minor,2,88,68,17,71,15,11,5
-10.08370107342208,-64.56921995459574,Major,14,170,50,37,90,0,12,5
9.570926820616556,51.575469556567086,Minor,1,84,62,24,67,21,13,28
15.57550551357024,-9.022736594817204,Minor,7,134,81,53,72,51,12,5
48.89358968642544,-34.47968785091105,Major,20,158,54,50,40,61,10,6
-55.38914443211768,4.231072960665393,Major,10,116,80,92,80,4,10,3
-10.730851319466613,6.066115409539524,Major,28,117,61,45,69,2,9,3
-29.32629695042523,7.520836155895997,Minor,11,114,77,65,72,2,7,5
-13.52760715120555,15.329193362921428,Minor,1,108,61,47,68,0,13,3
4.500439856156536,-26.008283991789742,Minor,1,144,74,37,53,7,21,10
69.2361820740539,-1.3286093433767034,Major,2,130,51,18,44,76,11,3
-23.362829787720663,7.331077537441748,Major,22,116,77,79,62,33,15,3
-18.67663406745768,-0.3459859972127715,Major,7,121,65,49,78,0,17,4
-2.3887035816566686,11.815884360985216,Major,17,112,64,54,81,36,11,6
11.836890832629548,28.402750389925696,Minor,9,100,70,47,52,30,6,33
13.416216901050507,-33.2173644031068,Minor,25,150,55,30,78,24,12,8
-56.983611902837936,0.5014444888051015,Minor,8,120,84,96,71,18,34,17
-53.95646319195837,-7.364428234298183,Minor,12,127,82,89,85,4,23,6
30.690365523022063,38.09545793051497,Major,24,90,51,42,61,53,9,3
-22.644491221953807,-10.264745110109388,Minor,22,128,75,79,63,33,15,4
-3.480196033841565,-31.456876092190274,Major,10,143,64,31,87,4,8,4
-27.784056664090027,-18.80565809443345,Major,15,139,74,68,68,3,26,4
-20.812543947994733,-50.31320580735625,Major,9,162,49,78,64,19,11,4
8.101787720865948,33.748729612723324,Major,11,92,81,39,60,31,7,3
-19.94848867530317,33.33822627254902,Major,19,95,87,57,55,10,29,7
-53.2338689428337,-30.5978079061727,Major,16,146,63,88,93,3,10,8
-23.386021263572463,32.442076799008845,Major,17,95,55,56,82,12,34,5
92.92121046656068,15.70970461038224,Minor,11,115,35,12,30,93,10,3
-18.26839550073569,-6.102824468052134,Major,21,128,78,59,65,10,26,5
-38.50658035135248,-9.19465915016923,Minor,15,130,82,69,83,3,27,5
-24.900196947448816,-9.269252002309647,Minor,2,127,80,74,77,36,11,4
24.343264919756525,-45.10252495683731,Major,1,150,42,20,86,21,9,9
-0.2237123285634328,1.9665776603567893,Minor,11,122,78,50,63,27,9,5
11.08065087162108,-38.428201278995616,Major,20,140,52,20,85,0,7,5
39.063380290419325,-14.217360677762052,Major,2,140,63,22,54,46,12,8
3.981551328120139,4.764947002190883,Minor,2,119,75,48,53,18,18,34
-51.86191159237589,12.636960497927056,Minor,22,110,76,96,72,32,9,4
25.47455643765232,40.931663969056046,Major,1,95,60,17,45,16,11,2
40.61761502762474,-7.357232805337464,Major,20,132,56,20,55,45,32,3
-40.51094489119773,-4.621023914861604,Minor,31,125,77,74,78,4,23,11
41.90165564216465,3.988613329842905,Minor,19,124,84,65,50,67,13,6
-12.060764713397816,-20.654739436085787,Minor,1,133,93,68,65,42,12,25
-44.71680900111851,12.462521057914,Major,1,112,92,67,66,0,36,9
-60.46560401716189,23.25271470209275,Major,13,97,79,92,89,5,6,5
16.21028898261711,37.17632421216144,Minor,24,90,59,52,48,38,10,11
-7.550735038209808,66.19304335222951,Minor,6,80,65,27,69,8,53,4
14.925091556679437,-61.8452916938904,Major,1,172,45,33,59,6,8,3
64.80435269460895,9.00686447967015,Major,10,120,60,24,35,73,31,3
-53.02938102785648,-24.42524183687406,Minor,27,140,74,96,80,18,5,5
-56.36800895473751,-8.699181164816771,Minor,30,128,81,90,77,1,9,5
13.121405955758911,3.3439756257785107,Major,26,122,78,70,81,57,10,5
-58.41551389231532,-19.999078020122017,Major,1,130,47,86,92,8,5,24
-6.600878917814986,-43.62161976992489,Major,2,160,69,61,71,33,31,20
-44.28101301072764,-27.179018579390195,Major,5,144,73,87,70,6,28,5
-24.37812886468548,-83.52191871986409,Major,4,192,50,85,52,11,28,6
-0.784558686171831,-50.58359257370681,Major,17,163,54,40,67,0,9,17
-11.991226052245432,-0.948846902058875,Minor,1,122,66,48,71,6,12,4
1.942796900180876,-38.093659418463616,Major,19,154,61,41,74,21,40,6
-0.0222472351145978,7.465866468775139,Minor,4,117,73,31,69,6,11,4
-49.6015117922141,-18.609786636003527,Minor,23,138,78,89,83,10,12,5
-32.98342470391412,30.800996690788203,Major,13,96,86,74,80,33,8,6
-8.573979700952798,27.386772275797483,Major,4,104,77,36,63,1,36,5
20.143581920008085,-53.7493618165756,Major,1,164,45,24,62,8,16,3
-46.10607625958941,2.6176885920787263,Major,20,118,68,61,82,2,50,3
-17.904580071111184,46.61381859245984,Minor,25,81,68,51,60,3,19,10
29.73875315022861,13.33610750445104,Major,6,117,82,73,45,54,7,3
104.03521467176952,-52.04911873958391,Major,2,174,45,10,37,97,64,4
-25.446905997466107,-7.36350382179682,Major,1,128,73,60,77,3,11,4
82.71233676772553,-16.258667433580932,Major,5,145,60,43,27,94,14,4
51.309288648812135,-25.375403916630088,Minor,25,150,65,51,55,73,14,3
13.005453309658431,55.26427202309596,Minor,2,90,60,13,53,4,21,4
3.884327460427565,44.87615604346306,Major,1,85,55,42,53,17,22,3
15.7635792068245,-71.47036536934466,Major,1,180,33,38,71,20,28,5
-47.45320619185486,-53.64094388321293,Major,12,166,57,84,94,11,37,9
10.188191684391926,-42.49313474942721,Major,25,160,71,40,50,16,16,22
-55.98738399308632,-47.390256617265216,Major,1,160,65,95,80,5,41,16
-43.33584997266894,33.107646431294256,Major,1,92,70,81,63,4,8,4
-9.629431968237794,-58.93747748051826,Major,19,170,56,53,64,11,45,6
-36.56036294334879,55.7248575997824,Minor,6,96,83,93,65,58,9,8
62.49650758160664,9.809549149185145,Major,17,120,67,40,52,86,12,4
-0.831694864909684,28.700624954910552,Major,13,98,70,37,54,6,9,8
23.32101292119233,61.78875353957938,Major,21,92,53,12,34,1,12,4
26.159272796414506,-45.9446205849028,Major,18,150,34,24,56,4,11,3
20.842754691822844,58.687455680404895,Major,21,94,37,17,47,2,11,3
4.579661545744094,35.684400133806434,Minor,19,90,74,36,63,26,27,5
48.172304004241234,-42.895211654466586,Major,20,160,54,54,55,67,42,11
-12.962928464897542,3.202915322152639,Major,30,120,70,59,75,24,9,4
-21.049400614889496,14.70370953032175,Major,1,109,63,46,85,1,9,5
39.55364026338452,-2.2552491685687497,Minor,13,129,57,41,66,63,12,5
-10.850172022427923,-44.056053610734416,Major,16,157,54,75,60,30,7,5
-11.87580044542943,-10.137383603127992,Major,9,130,63,49,73,5,9,3
10.916908855055045,23.45220437679125,Minor,6,107,65,19,72,10,13,25
-36.07165277050644,-34.738397536610954,Minor,7,146,50,67,89,0,19,8
31.427140354167445,-17.643072958657267,Minor,10,139,48,37,41,32,10,10
-35.1870984973329,4.726139253611157,Major,1,116,74,76,70,7,13,3
-21.108050298366585,29.12552714013248,Minor,20,95,84,52,77,12,7,4
-17.254795949682972,-54.54915610281981,Minor,8,170,62,55,80,15,37,7
12.574353217425791,-19.01095780537464,Minor,19,134,81,18,64,3,10,11
-57.68375538355716,38.4404749730908,Minor,19,84,57,86,90,2,9,5
29.411565558965965,-27.44106426368084,Minor,2,146,61,20,48,21,12,6
3.8709175069205193,65.50535151369846,Minor,1,74,53,24,67,11,10,28
66.04352841348467,-15.492150854679828,Major,11,144,75,35,48,84,10,12
-35.247788809454086,-16.659362715405386,Minor,24,136,77,79,73,15,27,10
27.143964129614,26.12584252268413,Major,15,100,56,53,55,53,12,4
-42.963623126049455,22.35355914809372,Minor,2,105,89,67,78,9,7,33
5.259516823503756,23.378393414955315,Major,26,106,67,24,78,15,30,4
5.626560460281322,-8.05023809544321,Major,30,132,85,53,68,40,9,4
51.94803864080104,5.722880469467087,Major,2,120,78,5,30,21,13,5
-1.6145453116071231,-63.47423931281564,Major,17,155,82,51,39,2,9,49
58.53433983075932,0.1420470668699644,Major,13,129,70,42,43,78,11,3
-43.386704019838696,-34.97613407881585,Minor,29,135,80,85,74,62,8,9
2.9318225223793206,25.33582529274467,Minor,2,98,73,45,62,28,13,13
-28.869072924121568,-6.83581697502715,Minor,31,124,84,64,39,3,11,4
14.239231349444385,-13.009288483349584,Minor,2,135,77,28,55,18,22,15
11.67542970177226,18.15117820642676,Major,23,107,78,39,53,30,11,6
7.164434276804442,34.882873922118605,Major,12,96,54,25,74,14,9,11
-5.549797530018148,-1.0423975306363469,Major,30,123,71,58,70,30,32,19
7.6283790225079375,74.42210365367426,Major,26,90,62,7,62,6,58,6
-1.708416662469156,6.48573329131822,Minor,2,117,72,45,59,14,20,21
-47.23320822686057,-17.19058776429727,Minor,4,133,78,90,84,31,7,4
-32.731433376476524,27.9556443605822,Minor,2,96,74,61,83,11,35,6
-20.648301545207296,-40.25917999211411,Major,1,149,66,85,60,40,14,13
64.55590983573931,19.948490075793664,Minor,26,110,66,32,40,81,11,3
-37.62166576872545,29.02268050956824,Major,30,105,95,62,52,3,5,16
-24.52255384051453,17.84588831212121,Major,22,105,80,69,78,28,11,14
-18.286370833371016,-13.676592076705724,Major,26,134,76,61,58,6,16,3
-15.989810967106328,-53.65523568109688,Minor,8,170,71,59,56,4,27,12
28.856994300130623,48.4902082925818,Major,2,81,59,26,60,46,25,13
-70.43788036735789,-62.29559353069365,Major,1,154,63,75,92,31,91,5
38.74504311038651,-58.16250964603604,Major,29,169,69,69,51,63,38,4
-28.55634174406568,7.68249181531528,Major,29,115,78,64,69,4,7,14
3.6165726715402977,66.10363882702588,Minor,5,84,43,14,74,1,19,8
-18.636301962535075,32.251268806372,Major,18,93,79,58,62,11,11,23
-12.670875202523426,35.166940747080446,Major,21,91,82,47,62,10,10,15
-9.008396863892791,-28.36781398243496,Minor,7,142,82,54,44,6,33,7
6.601203470086542,-6.692274571972012,Major,19,126,78,20,70,1,16,4
31.748955248804688,38.11974330444785,Major,21,97,73,10,44,26,16,8
8.452095100787147,32.19736714417483,Major,2,101,92,59,51,41,26,8
15.444671942497548,35.07015530452957,Minor,6,98,80,23,48,14,6,5
-57.94596391482566,-58.022327626211855,Major,27,154,59,63,89,18,80,9
20.42910954846128,9.433144879818462,Major,14,120,91,63,58,52,31,22
37.43681769266293,-44.56130507187537,Major,17,150,49,4,55,7,6,3
12.134856326060127,-63.94162209085239,Major,21,174,47,27,78,11,10,8
68.02453015295782,-79.16293715060723,Major,1,202,34,25,51,69,18,4
5.077017660248095,-44.05551192143604,Minor,4,153,56,42,52,5,36,24
60.09295816757164,-14.166997271630771,Major,14,142,60,13,37,58,13,3
-9.89817125152925,63.24435796146442,Minor,11,108,84,55,47,26,20,64
4.3220286823115135,-29.897648619428768,Major,2,143,83,25,69,4,23,12
29.04466408582949,69.3555885322063,Major,14,108,67,55,67,60,80,5
-50.10914188142333,21.93563961162064,Minor,1,104,95,78,66,3,4,6
-52.27558872397002,39.55601180722161,Minor,16,93,84,96,79,43,18,11
1.2382790371686203,18.26807701115292,Minor,10,105,65,46,53,16,9,5
84.71866848378471,-41.24524416763629,Major,10,170,44,27,32,89,14,5
-4.409540990899311,-59.4699173076713,Minor,4,178,62,56,66,18,12,5
-3.0468835140489765,-64.25467596576172,Minor,5,176,50,44,76,10,32,5
-15.32251702115573,24.365199868780536,Minor,1,104,80,38,88,11,11,5
-48.60620132563861,50.71671014908153,Major,21,85,70,83,84,31,47,30
-2.246571614035925,8.822422601533528,Minor,30,117,77,69,58,39,26,5
57.87125545370564,63.21860358721318,Major,24,80,52,57,48,86,15,39
43.715590009838905,32.94028315663697,Major,7,98,44,36,41,50,38,5
-7.791709235976031,-64.88586265256568,Minor,2,178,79,58,78,34,11,25
51.20073686804081,-22.926294682617776,Major,8,148,51,27,33,48,22,3
-68.29742606255692,4.449285572066676,Major,24,120,77,94,66,65,38,3
-15.929827322817491,-2.423979523532702,Minor,10,122,68,38,88,1,8,5
-17.880127580745647,-30.486681738409608,Major,1,144,74,75,73,42,9,4
10.723407870132164,45.94637270728786,Major,4,96,93,47,47,33,10,36
-5.833703545360176,-18.35410537547809,Major,24,137,77,35,88,16,17,9
-66.55363192551253,1.5734138512021012,Minor,22,121,94,71,61,12,53,42
41.04585175968118,-9.131862884258087,Minor,21,119,60,10,57,1,50,3
47.71867044711414,32.980865750381334,Major,23,96,72,40,47,71,13,4
39.08997152980422,20.511066294477143,Major,21,111,87,53,52,66,11,5
-32.200950079275245,-29.93979199790573,Major,14,148,90,74,68,14,10,19
-25.771581835879584,-70.6717761096409,Major,3,182,57,80,59,8,6,5
-39.090097147684936,-24.77403184060815,Major,9,141,79,82,86,28,4,9
-38.114369600496,-27.80354001566553,Minor,30,145,76,80,81,19,6,9
-3.931352994193313,27.38221312054508,Minor,25,110,76,26,70,1,41,6
31.982585167333525,-7.491568077341611,Major,16,134,70,35,41,41,10,3
-37.69864295468862,-11.75287163281604,Major,28,130,92,78,62,18,6,10
-33.01022950979065,-35.446895479341,Major,21,145,84,88,53,35,8,7
-14.919289462833683,-14.75088668192064,Minor,5,130,69,36,90,1,15,4
-16.83406591769414,-59.81821508844144,Major,28,173,59,69,53,12,23,3
-12.770163197882498,31.85704860383708,Minor,4,92,75,55,76,25,10,15
-32.604267944464105,18.079245278431543,Minor,5,105,56,57,87,0,10,4
42.14499033063883,-54.25135215474024,Minor,25,175,59,15,64,43,12,10
5.557918981863969,5.287035858912164,Minor,27,120,80,33,70,22,9,4
-5.089655550118184,-25.32025631210202,Minor,24,139,70,77,48,37,12,5
-16.566263142208445,-12.613449600720028,Minor,17,132,59,56,82,12,12,6
35.8471062798352,13.93464005224161,Major,29,114,32,17,74,14,17,3
40.959076097354696,-25.962359835734823,Minor,4,145,54,19,48,36,37,5
-33.08020960087081,11.852411582995307,Major,16,110,82,67,69,0,18,4
-26.917128621667395,35.80641935905397,Major,22,94,89,61,66,17,36,16
33.51909130248516,-20.95453084298296,Major,29,134,45,17,60,21,33,4
-5.043133677990856,0.2755622313580451,Major,24,120,62,32,76,0,39,4
-36.04951992115556,-5.296632103414873,Minor,2,123,70,86,68,24,11,4
-32.17703029829901,-15.402520927214356,Major,3,131,77,84,71,35,15,4
18.242182577001177,-74.99216743726164,Major,1,171,70,6,73,1,36,26
-31.084016714828245,-8.887124143506819,Minor,26,130,80,64,76,2,20,6
-3.003628759710258,32.292883611828294,Major,2,94,82,53,67,34,9,8
12.398277220159468,38.169426684235184,Minor,7,89,73,44,57,39,32,6
-30.539280120229616,41.10472509267938,Minor,17,87,65,71,56,4,15,20
-37.282387113417634,-18.557133550190382,Minor,22,124,72,79,78,55,15,30
-16.93909320583988,66.72170516286931,Major,27,78,71,80,65,51,22,32
-31.84405859531012,-0.0293486546843667,Major,1,120,70,70,79,7,18,10
5.389751090632677,45.6416445964728,Minor,31,96,48,50,80,40,37,20
14.626072806205755,24.631139890229232,Major,25,106,73,22,86,31,12,4
37.21027013610667,-64.60446766004708,Minor,24,170,78,75,46,62,12,35
20.09805164869387,-25.701222620395352,Minor,24,134,67,11,76,8,30,7
-42.652055956686205,5.964122670713463,Major,20,115,71,90,73,30,11,5
-38.78631552163371,-17.79617820218487,Major,9,130,74,79,87,45,30,3
-27.929106488547006,2.5565451383276323,Major,20,118,65,63,79,3,10,3
41.3921158350681,17.35389621260912,Major,22,110,59,22,38,42,12,3
-3.2445728428133127,23.810583158382872,Major,29,100,72,42,66,18,19,4
-26.279574665638407,-23.225206218477275,Minor,14,142,70,76,79,26,11,7
66.70311809770683,-10.262179216444952,Major,21,140,64,18,37,72,12,7
-67.31682829573906,12.792866077683351,Major,10,116,90,96,73,62,9,4
-53.52509604736357,0.0526407481075596,Major,13,120,73,64,85,25,61,3
-4.354883483832966,35.325206128175445,Minor,1,92,76,46,79,31,7,6
-36.079081217916304,12.481930416303754,Minor,26,110,81,64,79,5,31,3
-38.772656573940274,0.3914929212249001,Major,21,120,71,57,97,1,13,11
-11.840415195131325,63.32761378322064,Major,11,80,63,40,61,9,56,6
21.72834302381876,16.2391135430547,Minor,13,115,95,43,69,47,9,31
33.00249881101641,56.80246206917146,Major,28,76,58,46,67,65,13,4
-16.02123428851908,-62.58533166212296,Major,20,172,60,77,78,45,12,6
50.544764527631486,30.15094085349355,Major,9,99,40,45,56,69,9,5
36.87491003193447,-32.66385617810278,Minor,27,136,36,12,57,9,14,8
67.29448224512419,-35.35365243973848,Minor,10,150,90,64,14,67,11,10
61.66069901040454,39.149667761716486,Minor,7,92,71,41,31,79,10,5
-37.68030807669637,26.746435250729323,Major,15,95,77,72,87,17,7,5
-22.82567515889856,21.587346793838257,Minor,25,102,83,58,83,21,10,5
27.529894067986447,-18.59395701635622,Minor,9,145,70,34,55,43,16,6
-33.85837293403801,63.78581110320295,Major,24,110,50,24,86,0,64,4
22.378476086332668,38.83279883042577,Major,24,95,64,30,77,46,38,6
-25.84828388967229,51.39282511272209,Minor,3,94,68,81,82,53,9,13
-59.2647536434872,-27.498163849544284,Major,2,142,61,92,91,0,26,3
11.27720707763036,-35.97166246210198,Minor,5,145,59,20,74,1,15,5
-39.438378147185645,-2.165810182035222,Minor,3,121,64,67,80,0,36,3
21.745217708006606,-16.31748739448253,Minor,3,140,66,43,76,49,12,3
-8.778494089972705,-15.415067671827863,Minor,23,137,84,44,67,8,11,6
-46.71897884737895,17.58030351693689,Major,31,104,56,72,85,0,15,3
-34.520055941720045,33.60519033742344,Major,17,92,57,68,76,7,33,3
69.62161198528514,-25.281224562750985,Minor,15,146,74,51,45,86,21,38
76.65985117013123,9.932966552037009,Major,23,120,56,20,43,89,12,4
-43.54924148720815,-27.704936884809623,Major,31,144,68,83,81,9,8,4
54.81159018789836,36.15758012666585,Major,5,94,59,44,56,80,6,3
-35.07193139208648,29.19180850863856,Major,31,94,73,65,79,5,11,6
-27.74987582449629,8.592315877317638,Minor,15,113,79,66,74,8,11,5
-5.544172514243734,-32.97274329207698,Major,3,148,50,49,76,12,12,3
0.099657862050841,33.60892839714341,Major,3,98,70,29,73,12,11,26
81.04443999001738,-9.1060579592295,Major,31,140,58,26,38,91,10,4
77.20603624636239,30.154456465689087,Major,9,100,36,28,28,81,18,3
-23.049179794315176,-27.47538145101385,Major,23,140,86,68,79,39,11,29
-48.47124833271047,27.298586404467184,Minor,1,100,59,78,94,27,29,23
-13.28312251119544,25.003268183176694,Minor,1,100,59,49,65,2,13,3
-33.27771640819093,-17.746857756210414,Minor,19,132,87,82,70,42,21,5
-2.718142497280419,-26.87950562336056,Major,3,142,49,48,67,10,26,3
-37.879690688409184,-63.85217624651288,Minor,20,176,72,96,63,25,21,7
22.69349096986604,-17.614014552714707,Major,6,140,53,51,70,49,14,3
-24.778756768581783,29.143225293141366,Minor,24,105,55,40,90,1,32,6
-67.46629436854674,-37.64371802550522,Major,8,135,81,97,77,75,35,3
-3.9690620221047785,-5.077530816695253,Minor,28,128,82,61,59,30,12,4
-7.973723309725036,22.114651090966444,Major,3,101,74,43,69,12,12,7
-1.3672037972085231,1.7798202122421976,Major,6,122,88,43,50,7,14,5
51.44019216557074,26.546517024933515,Minor,8,105,76,49,56,80,10,13
57.21480973091983,51.55601548156363,Major,23,83,53,40,36,73,11,33
-24.3257308959114,56.92180763184128,Minor,3,77,72,59,76,24,42,28
79.37406100163695,-10.860630301460803,Minor,25,140,75,18,25,78,11,26
-68.7155685313072,-67.22600393520516,Major,3,158,65,72,95,31,92,5
1.1732222093200977,-63.209321240334354,Major,28,176,75,43,65,15,11,32
-12.03665072447228,56.79186093765698,Major,20,98,73,88,57,56,5,2
52.31349678960823,22.615584026146028,Minor,27,107,66,47,40,72,11,3
18.03934002225216,19.770908469711863,Minor,19,109,66,16,57,10,12,3
-37.90750289124042,12.886417385875808,Minor,15,109,84,72,74,10,34,7
-27.1146090354624,-36.83518987891488,Major,3,148,53,61,81,5,36,4
-7.841887940589042,-38.32155671654746,Minor,20,158,60,52,76,17,19,5
-30.69832182763699,28.839957005962688,Minor,29,94,74,64,73,6,10,6
16.21835299437374,28.539535573903542,Minor,12,96,70,40,51,35,10,4
10.952589394779302,26.406400333123,Minor,6,100,80,29,67,29,12,3
-9.256419672192685,19.43897894778403,Major,24,105,58,42,68,1,14,4
24.18560713145673,-1.2530383681414434,Major,3,125,53,32,66,38,9,3
-5.892065668860059,-55.917068238937006,Minor,27,170,56,56,63,13,19,27
-55.23949901626053,5.196896863636372,Major,27,115,70,84,90,17,41,6
-3.202872046899341,-7.124576456748099,Major,27,122,64,25,89,0,15,9
-47.73576808136559,16.021666336491794,Minor,17,105,88,82,80,8,11,8
-30.69322287763408,-15.825505888863336,Major,30,133,66,74,84,25,21,4
-24.58164705125444,21.660848075139025,Major,13,100,79,60,68,7,26,4
-1.7963855771440485,4.590345466957931,Minor,28,120,82,55,45,15,9,10
96.90669214335036,-50.72140754831426,Major,28,177,25,17,30,90,13,3
6.8490896193824415,-22.52594925238518,Minor,22,142,64,31,72,15,9,5
-33.754762808162006,-41.437825967155504,Minor,4,144,57,47,84,1,52,4
-41.95009118576277,-0.8915378791540735,Minor,12,120,65,80,86,9,19,10
31.833368814840952,-16.09501474018756,Major,27,135,92,73,51,55,15,6
-37.9235837082613,17.62641435655844,Major,9,107,81,82,78,38,12,4
-29.42190730625364,17.64274402150513,Major,22,105,82,62,74,10,33,7
0.404220897026822,20.33079821167071,Minor,25,108,44,38,77,9,9,20
-12.688448990301422,-32.27863277148518,Minor,1,147,51,62,79,22,14,3
-7.5104976285906755,13.8706392236938,Major,20,115,71,34,88,16,44,4
-3.125937400884552,-59.01927511458161,Major,21,174,70,57,64,23,8,32
-47.438353958501885,32.55674419287581,Minor,12,90,68,83,71,3,31,8
90.38741898610152,-10.281872494722396,Minor,21,141,41,9,25,84,14,4
30.64306055388448,47.50177404495828,Major,1,82,68,50,49,56,8,4
52.66681040888627,38.99743331776215,Major,20,92,47,25,43,62,32,3
-29.84425905677779,5.224117864600055,Minor,12,116,77,65,80,6,15,4
-30.670094260304555,-3.258925689957957,Minor,2,124,79,59,86,4,8,11
-51.64285723972887,-6.341326634761939,Minor,27,125,71,83,89,1,17,9
-39.126409506745695,32.64571225236404,Major,19,90,80,71,69,2,27,10
17.42014541558787,55.28080913447448,Major,27,83,46,34,64,31,7,34
-37.92164792825674,-2.688589500477136,Minor,31,124,79,68,79,1,10,8
33.41278971040074,-33.62439698170974,Major,8,140,58,4,60,7,8,3
-53.24137720773241,-52.723191701314335,Major,16,154,64,61,91,15,72,4
-47.88254876569154,-34.10154081148796,Minor,23,150,74,89,70,2,5,6
26.787355061863703,-81.99608600296676,Minor,10,186,41,9,61,2,12,5
26.922293904684786,-58.842427621993856,Minor,22,166,40,23,48,5,12,3
-16.177732342557583,45.96138896784451,Major,22,107,87,20,83,0,31,9
-1.4900569932451102,46.1256150771336,Major,9,87,87,52,52,31,28,24
7.967186237777475,52.59259353646368,Major,5,82,40,39,64,21,7,7
78.99174133292297,16.14862457406394,Minor,9,114,46,60,28,91,21,4
43.77536209463104,-29.19929032454016,Major,4,148,47,15,52,38,29,5
-59.39285290706831,-33.38682993837598,Major,20,140,91,97,57,38,40,29
-46.51698860886245,22.06400733154343,Major,3,101,90,76,81,15,33,6
22.331775988921013,-41.98080808178529,Minor,17,140,81,6,84,5,6,6
12.65310828175952,51.0647375540804,Minor,2,88,49,24,66,19,18,29
10.373018280617432,-59.71202637028704,Major,4,180,64,44,65,28,14,12
-65.1470657456003,-13.747374272559885,Major,12,133,95,91,89,6,31,24
56.37915946957274,21.00016168950515,Minor,16,108,63,20,55,72,6,6
38.30485656964368,53.879915197981965,Minor,5,80,39,24,43,39,23,3
-24.20539531812799,65.32679327857127,Minor,11,75,80,46,62,3,11,46
35.205553935970954,6.692906211547428,Minor,30,121,67,26,64,52,17,10
24.313733538388263,-23.304723311388862,Minor,28,140,58,17,62,18,20,8
-40.37837370847133,-7.4068109561892355,Minor,3,126,81,59,90,5,36,3
-17.859192772886413,42.51409796362064,Major,12,102,58,29,94,0,9,11
46.899280284336335,47.6377373306106,Major,8,82,70,31,34,60,11,4
-63.944841572200936,-17.669888995525813,Minor,24,121,46,53,78,23,72,6
-59.75242371130453,16.53967262465749,Minor,27,103,70,92,83,1,7,6
-49.94855041755196,12.942332245305987,Minor,25,108,82,88,76,9,12,9
17.2110439013351,40.98194530816541,Minor,14,85,65,36,47,31,12,10
-34.59347029448822,-3.3144093988101138,Minor,14,125,84,70,69,1,5,5
28.863922144190607,6.693125766073342,Major,21,120,69,40,39,41,13,6
32.54943365982893,32.01761892286755,Major,17,94,58,44,57,57,10,3
-6.107053831634805,-9.798465899978323,Minor,1,130,65,49,80,22,7,5
-22.131099743974183,12.818989042125404,Major,1,110,74,51,74,2,29,4
23.274049658004607,-41.16606880753954,Major,28,150,34,33,63,16,7,4
-52.90818544731832,18.634536219470256,Minor,1,107,74,88,65,28,46,3
57.94202119111304,-37.45754686365676,Major,1,140,70,85,41,71,45,5
70.08441802538164,11.088072312483195,Major,1,119,74,78,37,84,6,3
84.60113726115547,39.11670246657677,Major,14,93,35,38,23,91,29,3
-8.085724696393497,-20.461994937929443,Major,13,133,46,53,63,5,30,18
51.16947298102381,-97.65650512114648,Major,14,202,24,76,60,77,12,4
84.44031186000076,-11.230115103834596,Major,16,134,45,72,24,91,18,4
31.115397386729104,21.755984078220106,Major,1,105,72,33,51,48,9,3
-32.44746392471588,-48.03454928828732,Major,25,160,51,69,81,0,21,5
-48.86382009895801,-48.09447999746705,Major,1,148,50,96,82,47,34,4
65.30782896412185,-33.196492876089394,Major,14,151,65,70,47,87,9,4
-12.213753341065631,-63.23313213975904,Minor,1,162,67,88,54,51,9,4
-35.317345869812506,46.74129448268624,Major,22,92,53,84,77,40,32,3
25.3057198951475,-27.877576039435148,Major,9,152,65,35,65,44,21,7
59.1889553974186,73.26491158836697,Minor,9,65,71,55,26,85,13,8
47.67241675614248,-58.65434975608864,Major,1,147,33,39,61,32,77,3
1.3823149484642607,-40.10102932848923,Minor,8,150,73,71,69,53,32,9
50.98207532174209,-27.937305212527544,Major,1,140,67,81,36,64,15,3
92.54168242783852,-9.083379448167328,Major,1,139,36,22,15,84,11,4
-12.05807540378266,35.00686793499646,Major,16,95,75,74,58,36,9,3
12.24778736455262,12.020320204130458,Major,25,115,60,23,57,0,27,3
62.88297269282787,3.174739311425953,Major,9,125,62,59,43,84,11,5
74.18968302899539,54.83723200282527,Major,9,76,60,19,20,78,11,5
-55.269817946746805,19.25507185701348,Minor,1,101,72,91,87,14,13,3
77.48297473254748,-33.31383488710518,Major,1,143,60,86,32,88,34,6
43.554656555528815,7.64972405960507,Minor,9,119,51,51,66,67,9,23
52.910187776534784,54.13023794509841,Major,8,78,67,22,59,76,15,16
96.78589714460912,37.192524553160126,Major,1,96,23,19,25,91,40,3
-15.296098355793328,-74.64932928701454,Major,1,180,51,87,58,36,18,4
32.970871251164475,-7.649277116574569,Major,22,126,34,35,76,39,8,5
48.38963314573569,-25.817309968844487,Major,9,150,43,42,44,57,15,6
-13.606986595629168,41.11763524298453,Major,9,90,53,47,74,9,34,4
-22.080204481902868,-42.94767255162715,Major,9,160,72,78,68,28,11,12
-22.54210385807152,8.102089943310308,Major,10,114,59,60,94,24,10,4
61.65599299061867,19.178036642661297,Major,1,113,73,72,32,77,15,5
-20.364556680262776,-26.98084910963521,Major,7,147,67,69,72,17,19,3
-53.40954273487339,24.072477200540447,Minor,4,100,70,92,59,3,10,3
-4.153669310201574,-44.0356677775888,Major,2,155,49,42,77,3,12,9
39.76892448484848,20.02368186825967,Minor,3,107,54,41,39,51,11,16
21.92497301040573,23.875882972464208,Major,2,112,80,15,54,9,38,5
-10.719958427195587,-49.890358159732656,Major,31,166,70,57,57,9,11,7
66.41775882063006,44.72143764763332,Minor,1,107,69,96,36,81,8,4
8.407191744064972,58.65691582705851,Major,9,81,47,33,68,24,22,38
-30.248959159555927,-37.905357612850025,Major,9,150,79,77,46,5,11,7
63.24638763659392,19.47353466652253,Major,21,110,66,19,32,69,12,4
35.484497553889014,38.4592586900862,Major,21,108,64,4,40,6,10,6
0.4255254806697615,-11.911306489176097,Minor,28,130,89,48,74,30,7,36
3.5814718055961614,-47.3639656544499,Major,21,164,70,39,56,6,9,7
-58.807389841200745,21.096347403368668,Minor,6,114,80,42,68,2,66,4
-61.68094811120064,27.225627919259452,Major,20,93,63,93,88,1,12,4
-3.6097855019401903,39.50401427946185,Minor,25,90,87,51,69,36,9,8
62.525353957860766,-3.925619329105376,Major,8,128,45,35,68,78,39,8
-25.612800144947787,28.93728052180184,Major,6,97,83,47,80,2,24,9
45.051864835033214,-61.66318337407321,Minor,1,152,69,94,71,79,7,8
53.17942410778513,-76.57568085784774,Major,1,175,51,94,34,73,10,5
41.45394287523207,11.497295208797704,Major,9,116,61,48,55,67,16,8
52.10445830968348,64.18077882583482,Minor,2,80,33,51,59,76,44,6
-2.9564351637302617,50.73666152711444,Minor,25,93,63,34,86,26,21,39
12.076495362279095,2.6069385953025077,Major,13,122,70,42,54,30,37,5
-52.69738207393589,-3.5390013476036835,Major,7,122,70,91,79,3,7,10
-15.943270183515148,-15.349170953434523,Minor,7,135,70,60,58,4,16,3
42.06882295025524,18.94851219084386,Major,5,109,60,45,47,62,31,5
-37.673750816398346,34.25980492145808,Minor,7,93,65,82,74,27,32,5
-34.755914756019244,-3.028471531965641,Minor,20,125,85,64,81,2,7,9
0.308913571337046,-96.62200516652103,Minor,19,206,58,83,45,36,11,8
-15.805014815577584,-9.53765779818003,Major,24,130,76,44,77,1,13,3
-21.439811791106656,1.0169773841500682,Minor,7,121,80,62,51,2,9,8
-8.470858243650714,-2.0278323933657494,Minor,7,123,74,35,73,0,21,5
-7.986590656587566,0.3720175291503732,Minor,23,122,67,50,67,15,30,4
-14.970648848480035,-30.103151349960783,Major,7,143,53,50,79,0,8,3
-9.754556806298975,0.5165116523931017,Minor,6,121,70,35,77,1,26,4
-8.054186482557506,-49.81401414444431,Minor,14,166,56,68,66,28,11,18
44.71785101965868,-30.252637882532667,Major,7,135,41,27,64,36,60,3
20.08475403784932,45.882607245185326,Minor,7,87,49,49,59,44,35,21
-20.17013145541045,11.57289066997048,Major,9,111,77,74,66,30,13,3
-50.77882147848632,9.718820538805105,Major,7,110,75,85,84,10,31,19
25.198073222964688,-6.213919610688556,Major,11,130,66,19,61,30,9,7
-10.8320044056676,-70.21238749535853,Minor,18,179,61,76,51,30,38,15
22.882570277924632,40.72202381331046,Minor,26,93,74,53,73,61,13,4
65.12113340787448,64.84777202785611,Minor,7,78,27,10,49,62,49,5
3.8153449340510384,-70.86882483262602,Major,19,180,65,37,58,2,4,31
57.8812970896777,50.20647835953866,Minor,7,86,28,13,41,50,19,3
-33.73184092022004,40.40056041702492,Minor,17,88,74,55,85,1,5,22
-37.91209179852624,24.29850185680851,Major,5,97,68,72,78,4,7,5
-22.9553072548842,-14.8316410184732,Minor,8,134,71,59,80,13,36,5
-4.965463994817414,8.451065772223329,Major,21,116,75,36,76,12,10,10
20.28889622570337,-59.68743691880496,Minor,5,170,64,14,70,9,9,8
4.3662970013580455,-18.84656441205104,Minor,10,140,83,40,55,16,14,23
-16.414404831161995,4.838856426713017,Minor,4,118,75,46,76,3,9,4
72.79938740256887,69.110767795377,Major,30,65,31,31,24,76,14,4
17.34539254459188,-0.5685214789967513,Minor,22,120,56,16,67,0,11,4
80.39992121517847,-52.175666425298985,Major,21,176,29,12,33,68,12,5
56.06719502129468,-76.8522317184106,Minor,10,180,59,69,61,84,46,36
67.12071980478277,-14.453605041239651,Major,8,144,59,21,43,76,10,7
9.807801490418562,-9.504140999078976,Minor,30,133,82,52,61,38,14,27
23.809647869905376,35.01894036323179,Major,12,93,63,21,52,28,9,3
20.419845667855075,4.150419934110968,Major,7,122,77,25,62,34,23,3
-17.89443796642542,40.61964313316396,Major,19,88,53,55,73,9,3,5
21.12257933236766,-55.78880550561822,Minor,5,170,70,61,44,40,37,4
48.64276939715388,37.13560958693878,Minor,7,94,46,55,50,71,10,11
6.743828135488903,-53.02021213747971,Major,18,170,65,46,47,12,13,16
-30.77887931510377,73.28342482418394,Minor,27,90,79,79,70,57,66,8
70.36342293459728,55.28607521520176,Major,1,78,40,7,29,62,9,3
-0.387196817736219,35.37948105883956,Major,9,94,57,36,58,5,15,3
4.007095963699522,81.56552548541725,Major,30,73,83,11,41,0,36,14
-26.43689420898677,-66.95604455596458,Major,3,176,73,79,86,42,7,18
5.538873711563546,-3.4442314128674703,Minor,2,128,81,57,63,40,10,4
23.477966458895544,5.561078898831385,Major,30,120,58,44,60,44,5,6
-47.26352277830637,45.1188679007049,Major,5,82,63,85,62,6,35,4
-5.098652956371705,38.34834947894844,Major,13,95,77,40,47,2,9,3
-38.72855296560965,-5.909690875283912,Major,7,118,44,52,94,11,4,29
-55.63536197977844,-4.229812246105827,Minor,22,123,75,93,86,8,14,3
4.666873695534951,42.852822924876406,Major,19,90,63,49,68,38,42,18
35.308991291048685,19.515454451691337,Minor,30,110,73,14,57,40,11,5
-26.60232358840173,50.17407339076463,Minor,29,96,66,76,82,47,10,32
6.281090754892905,39.48095824209639,Minor,9,88,56,58,55,35,23,11
-25.51425658241612,23.76244011738922,Minor,8,98,73,60,85,17,24,5
-30.94004961253657,11.528372119536357,Minor,24,110,72,67,68,0,14,4
-7.1329276441477845,47.080256656789246,Major,17,80,70,57,49,19,12,8
25.543261698750857,18.041035510425303,Minor,16,110,86,31,53,43,11,6
-40.08800342207312,24.14902582642912,Major,21,110,79,70,36,0,6,11
-14.372043657353212,58.3868847947252,Minor,7,78,77,49,42,1,13,19
-9.927577207487024,-8.37575150328823,Major,24,129,83,44,62,2,8,6
58.173609609300975,-62.01174537726802,Major,1,181,44,22,60,61,42,9
-38.84196051063029,6.890501154836113,Minor,21,114,75,74,77,1,9,10
-1.746737792774358,-32.12218521228784,Major,5,144,74,39,65,5,11,35
9.929503537016547,29.89500708219096,Major,11,101,66,18,68,9,12,4
-25.21410378886719,44.56692810614554,Major,21,84,67,78,63,29,12,5
-11.785619886033844,-33.46174040103662,Major,8,154,66,63,69,21,11,7
-16.68686292871181,-32.00120659237112,Major,5,148,59,72,62,18,9,3
33.72009851600375,-38.12621520373465,Minor,3,146,85,22,37,13,7,30
-13.61451605428293,3.0317901395566333,Minor,1,120,77,51,79,20,26,6
-35.03554804242867,10.648282147714108,Major,1,110,53,75,69,7,17,3
83.51990574991731,-18.979412830561174,Minor,11,136,77,82,30,95,13,5
-7.540255022420024,-28.82830232591953,Major,19,141,59,56,63,12,6,36
63.26354209798352,21.10862192412409,Minor,7,108,46,23,48,75,14,4
62.25074462010368,36.05719624290697,Major,19,94,42,47,36,76,9,5
-11.810093183854164,-81.07599656932537,Major,10,180,35,41,94,0,5,5
-20.496683829767303,-0.3587348962455339,Major,1,122,77,51,79,5,16,5
2.277291179575304,50.767357290490246,Major,30,85,59,33,52,7,12,3
1.683533774655152,-34.80460657225554,Major,7,148,68,29,73,0,7,7
-25.17800544930884,2.0234663758630997,Major,1,120,83,59,73,6,5,11
-32.84229610563354,33.16541520074912,Minor,24,91,70,76,72,22,27,4
-6.504047366081769,3.4823238355446087,Major,19,120,72,54,71,26,10,4
-49.15196908708005,15.08701269451152,Major,17,106,86,86,79,11,8,9
77.48935546208862,21.4240121772572,Major,7,110,63,31,35,93,29,3
71.75910295702174,-44.730208638571696,Major,21,169,39,36,45,81,8,13
13.107823335683706,10.31937516925518,Major,29,118,80,21,55,1,26,17
-35.56729513692125,40.3338478058735,Minor,25,92,91,79,66,32,9,16
54.76519496220042,15.408271427368163,Major,1,112,45,19,60,63,9,6
-20.63195646429248,-22.964529881814297,Major,25,140,79,56,91,26,13,21
-16.408260934510075,18.44268763485104,Major,29,105,73,52,76,13,5,3
-22.46867504787298,-60.263443288591645,Major,8,178,76,63,77,14,15,22
35.07398455718769,31.476963225548616,Minor,23,108,96,71,42,57,8,9
88.70634376618415,-46.1596732295024,Major,21,173,40,19,29,86,34,4
-24.22198138727592,31.28210447957632,Major,7,101,67,40,90,3,34,6
28.46352359720621,7.756121876880761,Minor,1,120,80,24,62,41,11,23
-10.34102210926814,-28.12483958116759,Major,23,144,73,66,80,44,9,12
-55.66169198152712,-15.974947884874174,Major,19,133,75,96,61,0,18,4
-23.129861649495965,-100.05760235169076,Minor,22,158,46,62,83,53,97,28
-59.32468518000952,-0.2923787730534799,Major,1,120,81,92,90,9,8,7
34.61108394211285,-3.32200675882112,Major,21,129,61,59,46,56,13,5
-24.095125347297497,23.98643507918893,Major,18,102,74,45,89,5,26,13
-46.2506909074672,-3.818525870864847,Minor,13,124,79,79,84,2,5,5
63.3269102401619,41.34788612875082,Minor,20,90,73,31,45,85,11,3
15.337431348634746,-49.17403172323476,Minor,14,161,78,65,52,46,12,31
85.94312626904016,11.143394941529747,Major,30,120,60,11,33,90,8,5
14.795575855119608,66.45029329253282,Major,28,81,45,12,57,7,23,3
-4.954193671785058,-28.571544325226444,Minor,1,150,78,47,70,18,15,9
-26.252789436452247,16.685283016342268,Major,2,105,76,58,84,10,13,10
-17.335245004091796,53.73772592794369,Major,10,79,63,76,67,38,6,4
54.100853018410206,-23.603865758245338,Minor,4,146,52,7,61,51,11,3
75.97511937626263,5.995667873837419,Major,17,124,64,8,37,79,9,5
-36.05574420609895,-10.567872132717028,Major,1,126,53,66,85,2,24,4
-20.27604316877084,0.8862391934943501,Major,6,121,75,53,74,2,11,5
-1.2687295817688948,-21.388940834359264,Minor,3,136,80,33,60,0,32,14
37.43645345799042,27.098878457018497,Minor,25,102,77,26,63,58,11,5
-20.224864917603448,55.69317711247481,Major,27,77,73,54,74,23,41,23
36.59843390876375,33.66350402970965,Minor,10,98,82,54,59,69,18,10
34.61771995561468,52.07147497565306,Minor,15,84,44,22,48,38,33,24
-49.73722065979127,19.997136403045676,Major,28,102,89,77,82,3,17,11
85.75299572482265,9.641111365602436,Major,1,120,42,33,26,92,13,3
-47.17084323721127,0.6926674629863454,Major,10,117,52,73,91,0,11,7
70.61061944360905,57.85181488347873,Minor,7,72,45,27,33,82,14,4
16.14655201551244,-57.49797834278622,Major,3,168,67,29,47,5,22,26
-26.39825370450066,33.97026182494089,Major,11,94,52,68,69,13,33,8
-36.98562835340639,-38.43789327932054,Major,10,145,41,65,88,0,26,5
23.68803686932334,-31.88146609847809,Major,27,134,71,14,61,1,23,33
8.486628268380679,-59.12635878036571,Major,23,148,35,24,93,0,10,8
-48.31349969032247,-24.465165733517416,Minor,10,127,60,40,89,9,60,6
-30.693158162636287,-56.24958457943078,Minor,24,172,74,79,66,11,8,16
20.156079504824056,47.55037446413672,Major,7,90,75,19,46,21,34,8
32.58881541177188,33.521918609865466,Major,27,96,57,30,40,38,26,3
1.3253814372944503,-20.487512288155624,Minor,10,138,74,65,67,46,36,4
-32.291654375505814,1.213071296440758,Major,28,120,72,67,72,0,13,4
-31.634878964044898,-5.499554629552197,Major,9,125,70,65,74,1,34,4
-50.59091130099304,-2.87293484415086,Major,15,123,82,80,86,1,30,13
14.042613897532172,47.994026667333046,Major,9,81,79,44,54,41,13,24
18.663600913361115,-70.79817365907743,Major,26,171,55,10,85,7,8,20
61.470900315198826,46.37460946985896,Major,20,91,77,60,32,84,8,5
-24.110754128195456,41.03156077967314,Minor,12,84,56,61,76,10,14,11
-35.18559680903972,9.93823090990456,Minor,7,115,90,74,54,16,13,28
-54.73439254064952,-8.906277354383704,Major,29,125,69,70,89,4,49,3
-12.29553533123405,1.473977094986959,Minor,14,122,80,62,69,28,13,7
-51.8155249632718,37.90463803497706,Major,29,92,85,92,54,16,29,7
-32.092619849184565,32.756803418156274,Minor,18,90,63,75,75,17,11,8
-51.04736300552528,28.12519880348195,Minor,10,94,84,90,70,9,14,8
-18.73889901159457,35.651966139337766,Major,1,93,81,53,78,18,6,24
2.9626513200276103,-9.803661316303984,Minor,11,130,51,50,76,30,10,7
30.01167910540776,-67.2542570106322,Minor,11,180,35,23,61,23,19,6
81.92068010453679,-3.414728462362102,Major,11,134,53,31,31,92,28,3
-29.790297331280616,51.84069307421813,Minor,1,95,92,31,89,3,8,25
-37.58370719379598,-73.2058370379008,Major,19,184,69,91,63,11,9,31
-15.003323198972277,-44.31602169660341,Minor,11,147,47,50,80,10,32,38
20.929230697657804,0.6708834350118112,Major,2,123,52,44,60,40,26,3
-18.067273325115792,-1.0171492173172827,Minor,1,123,91,49,61,3,17,22
-43.03209515429613,45.94091544222604,Minor,1,90,90,79,71,26,7,37
-20.941738923023248,-44.94495043266015,Minor,4,160,61,65,64,1,12,4
-3.146755409963637,12.407324199349992,Major,16,115,60,37,71,8,48,4
26.89547005014916,-43.09252281856107,Major,4,141,37,17,67,2,34,9
10.163491551205874,-63.79263608523202,Major,5,160,31,30,88,7,8,8
12.70865223361725,-32.672628562721684,Major,4,145,57,23,66,4,15,4
17.432830859820633,45.19823043149064,Minor,21,89,46,43,43,23,8,22
-19.37363746935192,29.58719300954265,Minor,24,95,84,49,72,8,15,8
-6.952030045753399,-47.10629180138896,Major,10,160,60,47,62,3,38,4
-12.814824554612324,-66.25664031993057,Minor,14,174,67,74,75,44,7,30
-52.36295233375732,31.344557154379967,Major,28,92,77,76,84,3,38,4
-28.54662306936173,-13.565108751175147,Major,1,134,93,61,74,9,17,8
22.405237107023343,-83.83976092742819,Minor,19,172,31,4,86,1,28,17
-51.80460482725784,44.713761263833696,Major,17,80,76,92,62,6,8,13
-12.939762218025312,-39.3104616575688,Minor,30,150,91,42,60,0,9,12
-33.30272616543296,52.688455046503805,Minor,21,80,78,53,74,4,45,21
-42.27193322303727,-52.70110876484135,Minor,16,166,81,83,75,14,29,34
36.82656316504756,5.780122690035052,Major,4,120,67,8,54,27,8,4
-52.927955052753866,31.84754218156152,Major,29,92,86,89,79,17,11,6
-5.591241527264313,44.98781209596207,Minor,28,85,74,61,52,30,26,9
38.313565420567706,-49.91136209351069,Minor,15,154,79,86,52,66,9,7
1.8935060032205555,33.09867636141116,Minor,22,92,73,37,74,28,14,6
-37.29328781597975,-20.40481869523619,Major,11,140,89,75,70,6,13,5
-20.20410698129159,46.93272703671255,Major,11,89,65,60,60,11,10,40
-55.08067134515554,-15.953728833733171,Minor,28,135,89,89,86,16,8,5
39.123287603566254,-19.851977122950327,Minor,19,140,51,66,53,60,11,18
-12.135968214625615,51.83001034725176,Major,24,82,47,44,76,8,9,3
17.074514999129743,54.004462769921616,Major,1,79,78,58,45,47,18,3
37.192186446055445,47.18412577048236,Major,4,88,31,31,63,47,21,12
69.5189404394538,-10.827982176192249,Major,24,139,44,18,38,70,12,4
-86.59603197706613,-15.063784559458345,Minor,14,124,73,68,83,55,90,7
51.27528162883853,54.3328403019976,Minor,4,80,39,45,55,73,9,21
28.942155508020267,8.93899415272268,Minor,4,120,84,54,51,47,12,40
75.74226232138082,50.58657238401861,Minor,4,80,56,19,46,92,11,3
-39.823098225144086,6.136762198998698,Major,4,117,92,62,86,11,24,24
-35.865496344759144,5.561038144705461,Minor,19,117,76,77,52,4,8,3
-36.439838162245934,-43.06847219665244,Minor,16,140,62,46,73,10,67,11
-25.71354014736209,22.968972468008246,Major,6,99,68,57,77,2,10,5
-36.73332779922353,32.60698468744218,Major,29,93,74,59,87,3,8,5
83.49350713781826,25.07494812451443,Major,24,106,44,8,20,74,11,3
-21.40957942553296,-2.8110378583935134,Major,11,124,81,68,63,17,10,22
-55.63918208107976,28.78361049643903,Major,4,95,76,96,70,18,33,4
-43.33174998462329,33.44913976048894,Minor,21,96,87,82,53,10,5,8
-8.713992638319553,33.41231124713579,Minor,11,92,81,40,73,15,9,8
36.236361024976894,3.3254184441588346,Major,3,124,95,36,37,35,10,28
33.096388224558844,71.28600092606884,Major,3,72,64,76,44,70,12,4
35.21049581963711,81.02516387024886,Minor,4,71,28,26,20,19,30,3
-13.229711866663868,-15.799473979919163,Minor,1,135,78,55,57,4,10,8
-26.25238350279721,32.92597309689817,Major,4,95,81,56,70,4,5,24
-2.6849204439266083,76.04350567090023,Minor,3,71,59,70,74,56,11,40
-33.1126467663569,-69.19133768668843,Minor,30,180,80,71,68,6,10,37
23.476327331760046,-42.70118824519759,Minor,18,150,65,11,58,0,12,9
0.8850760445517157,-85.02242261954667,Major,18,189,55,86,44,40,7,4
12.318842331615416,43.274605475152335,Major,15,85,72,55,64,49,7,4
22.73942724606218,-26.45441199382818,Major,18,140,59,73,45,44,34,3
-34.19121338001564,42.3915359267908,Major,16,81,77,68,70,6,17,20
0.0215694076537929,30.09981357270103,Minor,25,104,80,24,65,2,9,4
54.982494540067485,-2.9321821288533347,Major,3,129,42,33,44,62,8,6
-43.47317361959678,28.97494463332527,Minor,29,94,76,81,80,20,25,4
27.752820859414943,69.53321967442588,Minor,31,71,41,23,40,27,30,5
57.04591166736257,-16.981684638947925,Minor,16,146,59,23,46,66,15,6
-58.96654258841223,15.696575540406531,Minor,27,103,69,90,88,5,29,8
-32.192693935568734,-7.666127461536883,Major,1,124,53,66,78,0,16,5
-13.769170590672804,-47.13301029567224,Minor,21,164,70,71,58,24,7,13
6.602669781060025,-16.535692940205415,Major,10,138,69,35,57,12,10,9
17.802978437986937,-6.898156045251588,Minor,8,126,67,37,46,13,10,39
-11.41058396015352,20.10031749625225,Minor,22,103,61,47,65,3,17,4
6.384784676326587,37.26743613416456,Major,31,95,75,64,52,41,11,3
8.273237643788075,-95.11302482981614,Minor,22,200,39,28,77,4,6,29
27.37160022848173,-6.4392418560789455,Major,1,129,86,75,52,54,10,4
28.01948107845833,32.69399866204281,Minor,28,98,68,33,43,38,36,14
-2.349273765708697,25.29540823205196,Major,8,107,91,32,56,3,11,10
-20.716052604257477,-60.10400705267687,Major,23,174,58,56,83,5,7,4
21.431585893211565,37.7342661280969,Major,17,92,45,27,67,32,13,14
-31.67094339250633,34.33034446189294,Major,25,90,81,59,83,9,11,5
-40.21957980308153,-43.87869625012028,Major,31,147,60,58,69,2,58,4
6.489369357135064,-22.091529871838624,Major,1,143,68,41,55,16,10,12
-28.393679987131897,20.22607138863082,Minor,11,101,76,63,71,3,10,3
-23.09043659517228,3.565509862871632,Minor,5,118,70,54,71,0,33,4
-26.108142810266312,23.32287726952774,Minor,18,98,83,63,74,14,16,6
27.783937979567945,-15.658488790788867,Minor,6,138,72,22,46,24,9,6
5.5079797098633,11.023390144076528,Minor,1,114,59,30,62,1,8,4
15.415906173477008,-59.336052294568425,Minor,7,180,63,45,64,34,9,8
1.736139733509508,-29.79388410797795,Major,9,145,56,41,57,1,13,3
-28.902388180861447,8.324803414619216,Minor,30,115,78,63,64,1,7,4
-25.318843367021977,48.93940227289011,Major,31,82,79,48,84,13,21,23
13.758068678414745,-60.23913527248835,Major,8,166,70,22,61,2,10,34
-65.79635974933723,41.596125325566106,Major,30,92,86,91,79,29,60,16
49.62330503605792,21.93581167767369,Major,8,108,71,55,44,74,11,6
14.77667534204916,48.74407914240334,Minor,25,84,71,63,45,45,11,3
-61.96689160062164,25.384960422333112,Minor,25,95,69,90,91,6,35,4
-31.339844074878616,-26.548089305601973,Minor,17,135,93,77,45,25,13,27
84.60134404306622,20.970152728445647,Major,13,110,57,6,27,84,9,3
-29.506694446440047,38.95899393623088,Major,24,88,89,59,64,5,19,7
13.807981540208308,8.444426437999613,Minor,30,119,87,28,50,12,10,10
-41.61847713275998,-3.2332289643122545,Major,18,120,58,71,80,15,7,41
-58.23339675074722,-2.6557221678061262,Major,23,122,86,97,80,36,9,6
-36.77987581653949,33.16068338202334,Major,18,98,78,83,75,41,27,8
17.22796107138003,-29.40124695331709,Minor,13,140,45,25,84,21,13,6
-52.32543883154362,4.393319189827846,Minor,1,116,79,87,81,4,10,4
27.522518562263954,2.993813100581542,Major,25,124,86,62,49,51,35,21
-38.102830950590885,18.804777664364327,Minor,25,105,91,73,72,13,9,15
31.98952874020748,9.00847049056356,Major,5,118,68,24,58,44,6,3
54.18796339438956,20.148187413278205,Major,20,108,61,20,38,61,10,5
68.23314873181617,38.86420346079596,Major,9,100,61,53,38,84,28,44
13.619935511376116,-14.467700674648835,Minor,13,140,81,39,66,38,12,14
-37.88082796051733,12.86767023953556,Minor,14,109,84,72,74,10,34,7
6.640537986778427,25.85754938735096,Minor,13,101,78,40,74,36,17,27
-19.541950515886715,59.76449908074116,Major,6,78,56,61,90,36,18,31
20.900704765982624,35.74056768887079,Minor,6,93,79,22,55,31,12,5
0.7590364247290015,58.747213551308654,Major,13,87,52,32,83,24,17,43
-4.338987050555174,-41.10469235175318,Minor,13,153,55,50,78,19,11,35
-43.81215971148786,-29.53747710341748,Major,6,142,87,93,59,28,17,5
21.44911997450909,33.300117325377165,Minor,13,96,85,41,43,39,12,21
-3.3549921447191906,-13.740324677023944,Major,12,125,50,39,78,4,11,33
-1.376331962121374,39.4338556064742,Major,6,85,71,43,65,23,9,5
-20.26879831935173,-30.928145694454816,Minor,13,140,92,78,57,46,14,9
-10.288555796362347,-79.36145042210231,Minor,6,196,66,58,79,23,22,20
48.68005553522728,-5.868588759121984,Major,13,134,78,51,43,69,14,9
51.09401459442297,34.61960940145707,Minor,6,103,80,45,62,76,10,38
-11.006607364795537,-7.548167920426592,Major,6,130,82,50,67,12,13,5
3.2426470916061474,18.108205636350885,Major,13,108,65,52,69,31,8,36
34.92277248025307,-2.050971516254635,Major,13,123,61,66,71,53,32,46
-26.47246302502582,-32.842175576588005,Major,6,152,84,74,69,21,18,6
27.832285905675583,20.325468886151786,Major,6,108,78,55,60,59,7,4
46.732525363455885,67.46420430725787,Minor,13,72,56,56,47,76,8,36
-3.872930984520967,3.9511384891878847,Minor,6,121,86,67,65,42,35,7
-26.70270820330164,-24.42596954407685,Minor,13,138,57,71,82,19,15,29
56.634976807886815,-64.1473310288171,Minor,6,188,50,41,50,69,12,6
5.502145891545503,19.156911711150208,Major,14,110,80,26,85,23,11,21
-48.40639024740432,18.613590453136748,Major,6,105,81,77,79,19,47,8
-22.223754367277056,2.6828005743768446,Major,6,118,63,60,70,5,9,31
52.132222262281736,-56.260783619130414,Major,31,176,61,24,62,60,24,31
-8.807550182455916,-42.94762541517176,Major,6,158,83,41,65,0,11,8
-46.90200540725064,9.68859242081062,Minor,6,115,85,72,58,9,49,12
-19.551370014408192,13.837728033627943,Minor,15,110,51,48,82,0,5,3
28.67467849140644,-59.05880047606025,Major,13,174,73,26,54,30,34,32
-68.061792604765,-10.141747642255044,Major,29,130,91,91,96,3,3,9
28.032190527976176,57.414639952453534,Major,29,78,36,30,54,34,14,5
70.54224107017609,31.78506813338856,Major,13,104,44,74,42,88,9,9
-47.643401343599024,-2.538136765217016,Major,13,121,64,80,88,0,12,6
-6.166913323386102,22.53513081201397,Major,10,105,83,32,82,14,12,4
10.903417768612227,63.33561665280658,Major,22,81,38,20,66,9,9,8
89.06353002095211,-41.41517721287624,Minor,13,170,37,14,24,80,11,4
53.39805366027666,72.80448152239454,Major,13,78,43,60,38,76,48,38
6.135389279018939,-5.0386536627322736,Major,29,125,88,28,66,6,13,31
9.619981249489085,33.722616957679534,Minor,13,92,66,29,65,23,8,7
7.966436205915648,-19.97601373280204,Minor,22,140,84,61,42,31,9,9
0.2320882706230071,37.832464930956526,Major,25,96,61,32,90,25,10,9
66.929427396935,12.0694246038376,Minor,13,118,66,83,43,84,19,19
-26.751770276221624,32.84131384843582,Minor,6,92,71,67,60,7,6,4
75.92363983850665,-16.580458594635964,Minor,13,140,49,50,37,87,11,35
0.6450536278264892,-57.51139281039583,Major,1,174,68,45,71,18,11,25
-15.3186912162627,-5.302543990263164,Major,26,127,77,53,78,19,29,4
42.32766879051581,36.48025284704367,Major,6,96,71,37,52,62,11,36
-38.143995303767376,-32.68886115652448,Minor,29,150,82,82,66,13,11,6
-16.64021132847595,28.29002208378205,Major,13,100,87,46,60,1,13,16
-23.30461080348712,16.67594646057647,Minor,24,105,73,59,81,13,9,6
-11.620737298153657,22.75796452404419,Major,2,104,86,43,62,5,13,14
-11.256129695562995,-41.00726877487747,Major,23,154,54,45,79,1,17,5
-2.0484249069529503,56.31959486917576,Major,22,80,47,33,83,18,10,5
63.90634254868153,-22.61060965014333,Major,24,150,53,14,43,64,13,3
-7.036244818162831,-57.42980613594152,Minor,31,156,32,49,72,0,9,4
-45.40728691105705,28.80577266397236,Minor,8,98,76,79,81,18,6,34
71.63710275413233,37.475587207749,Major,7,92,58,27,36,86,9,3
47.39884750124513,-27.06199367735218,Major,6,144,47,7,50,32,7,4
23.981630096916287,-41.440943398579925,Major,20,150,37,27,56,8,13,3
73.59039857635459,-11.63003254177282,Major,9,138,70,31,44,84,9,39
-34.87982240361235,-59.46969370664604,Major,10,172,56,68,89,4,33,19
-42.61544258503336,47.05944694241409,Major,10,77,72,70,82,2,4,17
3.9324880369255406,16.94944894303851,Major,20,107,72,36,72,26,11,4
77.59467866423596,16.108011885036397,Major,20,114,51,39,29,90,10,4
30.01134132248437,9.609881955783685,Major,10,117,63,29,51,43,25,4
26.015551827089418,-24.55260914821381,Major,20,146,69,63,45,48,18,4
-28.58017778901677,-45.84428257783088,Minor,6,160,80,74,60,8,14,26
18.89845865678397,8.355186247288326,Major,10,120,88,15,56,1,8,6
-35.960301960330234,22.937949242074463,Minor,27,100,82,76,70,16,8,5
-30.381467746487093,-42.24094459907512,Minor,10,158,60,68,84,4,24,11
53.570097387484886,-14.10536553483047,Major,20,142,56,40,54,72,10,4
-38.54933401387167,-52.16860816288301,Minor,20,170,80,77,85,11,17,14
-33.70912683064335,60.17301569770468,Minor,27,84,71,39,86,2,51,25
20.135383118191047,-20.23203125421056,Major,20,139,58,30,46,14,9,3
-39.90450335198536,-36.78602153677687,Major,1,151,73,88,67,20,32,5
-51.537030413768335,-20.32394047544597,Minor,8,128,82,42,75,6,63,6
55.119794967515375,10.140908640595091,Major,20,118,56,20,54,67,6,5
-27.03580830644013,-71.61690743551273,Major,20,183,65,88,72,36,20,3
-2.119330498202152,49.76441138785811,Minor,9,83,63,29,62,4,18,4
-16.17993622473367,1.2685458164426224,Major,18,122,85,42,80,6,17,14
-27.371587058424044,-58.89108192718383,Major,20,165,72,90,48,32,18,23
-44.1225422297943,20.972064717913494,Minor,20,106,83,90,64,35,9,4
37.430626994087376,75.23173710300385,Major,25,77,81,68,58,83,11,34
-10.886697062775648,50.760726501512,Major,1,91,57,30,89,10,33,8
19.86407294141693,-43.70177996899308,Major,3,148,51,21,63,5,41,3
-46.17382654259623,6.5982030909857485,Minor,20,114,71,90,81,31,13,3
-28.97356360774468,2.8023561836707773,Minor,10,120,91,63,77,12,10,5
-28.649568772152712,33.18180491147966,Major,2,92,83,56,82,10,9,5
20.719374609514897,5.365996275487688,Major,10,118,56,25,45,1,7,3
-10.703011239584349,-2.732040101822748,Minor,18,123,60,46,71,3,16,4
41.02915222532604,38.495279943446405,Major,12,89,52,28,48,54,19,3
-11.356657760830828,27.53977572811744,Minor,2,110,81,61,93,49,12,11
89.52645354745292,12.542776670062842,Major,20,118,42,32,20,94,11,4
-13.27972489517867,33.50123144943448,Minor,15,90,68,54,76,21,11,20
76.80033537062542,0.0039094108327279,Major,13,130,49,14,40,82,11,3
-35.64182095034697,-51.11738345928108,Minor,13,154,70,97,62,47,10,4
-32.177076579265524,17.520186656137714,Minor,3,105,54,59,83,0,20,4
-53.52795889370131,4.21982703830305,Minor,21,115,70,87,88,4,26,8
-32.05671372983327,13.874343317360388,Major,16,110,91,59,82,8,6,8
34.23682533514876,-11.58177506262688,Minor,17,125,51,5,68,12,15,6
-33.67560713027979,20.21872683923655,Major,10,102,73,62,75,0,34,8
-32.37220025017213,1.6922852758555165,Minor,6,120,81,72,65,4,14,4
-20.307245689992065,38.76710590738303,Major,24,97,80,36,86,4,3,5
-34.798967809845784,-43.61493638397247,Minor,24,140,44,41,92,0,44,7
-9.56601334401278,36.6529014386838,Major,1,97,78,31,72,1,11,4
-38.827697496752,-12.885224930883208,Major,1,125,45,67,90,9,10,5
-13.48332712004499,37.6222934585226,Minor,12,88,80,55,56,13,8,9
-8.414105608602163,-58.89030632080038,Major,19,170,56,52,64,11,45,7
34.13022630843314,-28.34254188166756,Minor,17,137,88,8,49,9,9,14
-23.63158919623524,-44.942556461862566,Major,1,157,88,52,69,0,8,23
-45.647628917847925,-29.74352911377447,Major,3,130,95,83,57,54,10,25
-48.029759275952784,32.45304833378137,Major,6,90,85,80,83,10,8,11
1.78593678615756,-71.53284996897484,Minor,24,183,44,44,67,7,12,13
-41.65481571502933,-12.377614009759805,Major,2,128,58,68,91,2,27,11
41.06401818630219,-21.31633538281064,Minor,10,130,71,78,40,46,7,45
10.251178775080737,-4.069127249479002,Major,4,126,63,56,43,24,12,23
-60.12666140288111,-1.0169343184602269,Major,5,120,77,94,87,2,23,12
24.319840056210715,-12.7656460193517,Minor,5,130,72,18,46,7,28,8
8.310368537145662,0.5961092499965959,Major,18,122,70,46,76,30,9,45
1.9030879064190247,-52.60599613673104,Minor,5,172,74,46,58,15,13,8
4.420368129179085,29.943527104118143,Major,20,103,61,38,62,14,23,40
-7.691434878082823,-3.46399768930948,Minor,29,122,55,46,64,0,17,10
-30.77004070619042,-19.23662664527985,Major,13,130,47,56,90,0,10,4
-21.634869097798983,18.474662863932583,Minor,1,105,81,70,65,24,8,4
0.497786297871629,5.7754039685582885,Major,11,120,90,73,51,39,9,6
12.770076807700784,-23.27032665733136,Major,12,145,56,43,53,24,12,4
-10.729113329718832,25.417618177369928,Minor,22,99,79,64,59,28,11,14
-32.28223443429263,37.46611029770216,Minor,1,88,79,66,65,5,25,14
-45.41506904431334,-8.481400032579785,Major,15,126,81,90,73,28,29,4
-19.489475461155955,-16.55069534376549,Major,15,136,77,71,75,33,13,4
-57.9831338098556,17.09968851506433,Major,18,113,70,97,59,55,27,12
-16.747230012860012,-11.035220325200564,Major,16,132,82,49,88,20,21,3
-19.958634351484736,-22.63195383388999,Major,20,135,77,74,74,47,34,8
-12.316584232323216,-4.637111602967528,Major,10,126,67,49,77,11,19,11
-26.095107524976232,22.42262066367868,Minor,9,102,67,72,74,30,36,4
-46.01926262505428,-6.631264935740748,Major,22,125,68,80,92,10,9,12
22.133385259079635,-39.90775971923597,Major,1,149,37,28,66,14,9,5
-29.56668343111969,-17.82610688567402,Major,15,137,74,71,89,24,15,5
-48.17329311343367,-0.015824584570949,Minor,26,120,77,78,91,14,33,12
-39.42832332773633,33.21605325363617,Major,20,100,90,75,50,11,9,26
-1.095506495464638,-44.05285453256314,Minor,3,164,70,58,57,25,15,7
-25.238953161368425,35.05590275528676,Minor,10,93,65,79,66,31,22,7
-17.288806088159856,-66.47564685233293,Minor,13,180,65,52,80,5,6,25
48.994102752617394,57.1487480078828,Major,15,79,34,22,31,43,10,7
65.64187365092822,-17.2613949536436,Major,5,146,56,21,44,73,11,2
77.9021677767127,27.100394441655705,Major,10,103,37,17,27,75,10,3
7.959311692169369,-43.593513979316256,Minor,2,140,70,26,76,8,54,23
-14.150677337963502,30.923696900919428,Major,13,92,81,48,70,13,15,7
25.66136867750804,39.504524429099504,Minor,23,102,64,4,60,11,19,4
-34.50119427926508,3.692123069256135,Minor,22,118,82,75,85,33,11,4
-35.97327126174758,29.33145806975588,Major,13,93,78,75,62,6,15,6
16.007853780269578,-31.219538302182784,Minor,23,150,70,26,56,14,11,5
15.150831464386426,-18.051976724778864,Major,7,130,52,24,60,0,8,3
0.6544408057139766,65.24501943481711,Minor,14,83,65,24,53,6,51,4
-16.90833404383445,23.778114468475717,Major,18,102,84,43,75,5,6,8
-48.774034689824255,-21.7432994743384,Minor,17,136,73,65,91,4,48,18
16.81961960816047,-24.61849357247973,Major,16,145,66,24,58,17,19,5
29.54486289061941,-12.463053485485984,Major,21,130,57,24,37,11,16,3
-46.784599929191074,-39.542840606813066,Major,14,156,72,92,77,9,8,11
-20.241366595217663,-5.013262028970602,Major,29,123,57,50,85,5,16,4
-54.43333760335808,-23.12926696376977,Major,16,132,92,53,62,7,63,10
23.69794029204247,-19.19643427644626,Minor,18,125,49,13,74,0,9,4
8.907502054069592,-65.66049013112368,Minor,14,162,74,22,67,0,11,46
-47.33273289583183,-22.920827381336448,Major,22,138,80,82,81,14,13,36
-14.5074077816951,-57.08646382663944,Minor,1,161,59,62,60,12,5,44
18.178284156885592,-27.273212329993267,Minor,4,131,91,23,55,1,7,32
-9.608496746480716,-0.093515249669811,Minor,4,122,75,45,63,6,35,12
22.36351031785175,74.06260767144396,Minor,21,80,80,16,28,17,12,39
28.62764412997045,23.973319607851128,Major,21,109,75,11,50,20,30,17
13.912452472511063,-79.69812797876217,Major,4,158,84,33,36,2,39,59
57.59444869944883,2.025676811953482,Major,21,126,66,12,35,55,9,14
1.4237606334394572,30.354779083882384,Major,4,104,73,25,61,1,32,7
77.06181508125779,19.975266703629654,Major,21,110,48,15,31,80,12,4
7.370910055685078,-14.202795711099494,Major,4,130,77,20,70,1,16,5
98.32624773775656,-50.295192371830026,Major,21,177,34,39,16,97,12,5
8.875003705994814,-46.57389323289007,Major,21,158,48,55,84,43,15,12
42.214791901664654,13.194454402779495,Minor,4,114,62,25,44,51,14,3
-30.98540059009657,-29.49809762284749,Major,4,144,93,62,61,0,12,20
9.691672012165071,-12.44149257384728,Major,28,125,54,22,76,0,14,3
6.680311843982553,-41.575295691128126,Minor,4,142,85,40,43,4,39,32
31.09009152565545,-1.600849575655943,Major,4,120,64,11,53,1,25,27
-9.29680985112788,27.73137259737949,Major,21,96,57,55,74,22,8,4
54.15400321659592,-16.320321438661487,Major,3,144,60,24,39,57,8,3
92.91142652284688,-35.96215079498303,Major,21,166,42,7,24,83,12,6
-45.269251472203656,31.650934734704823,Major,3,92,80,81,67,4,8,6
-33.43163681488034,24.2069495910568,Major,20,97,82,67,77,8,12,5
2.809579327687336,37.77216835594074,Minor,4,90,61,32,67,15,11,5
